0,2,"영국의 한 미술관 앞에 여러 차가 지나가고 있음. 노란 자동차, 검은 자동차, 빨간 2층 버스",미술관 처럼 보이는 건물 지붕에 있는 영국 국기가 펄럭이고 있다. 그 앞에 주황색 비틀은 서있고 빨간 이층버스와 검은 승용차가 지나가고 있다. ,영국의 국기가 건물위에서 휘날리고 있다.,미술관 앞 도로에 주황색 자동차가 주차되어있고 검은색 자동차가 지나가고 있다.
2,4,미스터빈이 탄 초록색 자동차가 미술관에 도착함,검은 승용차가 차선을 바꾸고 빨간 이층버스는 그대로 지나간다.,주황색 차는 서 있고 검은색 차와 빨간 2층 버스가 오른쪽으로 지나간다.,미술관 앞 도로에 검은색 자동차와 빨간색 이층버스가 지나가고 있다.
4,6,미스터빈이 초록색 자동차를 주차함,미술관 앞에 초록색 승용차가 멈춘다.,주황색 차 뒤에 초록색 차가 멈춘다.,미술관 앞 도로에 빨간색 자동차가 지나가고 초록색 자동차가 주차되었다.
6,8,미스터빈이 초록색 자동차에서 내려 문을 자물쇠로 잠금,주인공(미스터빈)이 차에서 내린다.,미스터빈이 초록세 차에서 내렸다.,미스터빈이 초록색 자동차를 주차시키고 차 밖으로 나왔다.
8,10,미스터빈이 자동차 앞에서 잠시 고민함,차 문을 잠구고 갈 길을 가려고 하는 순간 무엇인가 발견한다.,미스터빈이 오른쪽으로 나오다가 놀란 표정을 지었다.,미스터빈이 무언가를 보고 놀랐다.
10,12,미스터빈이 한 여자 경찰이 불법 주차중인 자동차를 단속하는 장면을 봄,주인공 앞에서 여경이 불법 주차를 단속하고 있다. 그 차는 노란 비틀이다.,경찰관이 앞에 주차된 차를 보고 뭔가 적고있다.,여자 경찰이 주차딱지를 떼고 있었다.
12,14,미스터빈이 자동차의 보닛 앞으로 감,주인공은 그 모습을 보고 차 앞으로 향한다.,미스터빈은 그걸 보고 자신의 차 앞으로 갔다.,미스터빈은 놀랐다.
14,16,미스터빈이 어떻게 할지 고민함,주인공이 허리를 숙인다. 차선이 노란 실선 두줄임을 확인한다. 주차 금지구역임을 확인한다.,그리고 차선을 봤다.,미스터빈은 자신의 차가 잘 주차되어있는지 확인했다.
16,18,미스터빈이 넥타이를 만지며 고민함,주인공이 그것을 보고 손가락으로 턱을 만지면서 잠시 생각한다.,미스터빈은 턱을 매만지며 넥타이를 정돈했다.,미스터빈은 자신의 차가 잘 추차되어있는지 확인했다.
18,20,미스터빈이 좋은 생각이 난듯 기쁜 표정을 지음,그리고 빨간 넥타이를 고쳐맨다. 그 뒤 얼굴을 찡그린다.,넥타이를 만지다가 표정을 구겼다.,미스터빈은 여자경찰을 보며 중얼거리고 있다.
20,22,미스터빈이 웃으며 자동차 트렁크를 향해 감,갑자기 무엇인가 생각난 듯 표정이 밝아지며 엄지를 치켜세우고 흔든다.,그러다가 좋은 생각이 난 듯 보였다.,미스터빈은 여자경찰을 보며 중얼거리고 있다.
22,24,미스터빈이 자동차 트렁크를 열었다,주인공이 차 트렁크로 향한다.,미스터빈은 자신의 차 뒤로 갔다.,미스터빈은 자신의 차 뒤쪽으로 돌아갔다.
24,26,미스터빈이 자동차 트렁크에서 검정색 바지를 꺼냈다,트렁크를 열고 무엇인가 꺼낸다. 마네킹 다리이다.,트렁크를 열고 바지를 꺼냈다.,미스터빈은 자신의 차의 트렁크를 열었다.
26,28,미스터빈이 꺼낸 검정색 바지를 보며 흡족해 함,마네킹 다리를 치켜들며 무엇인가 이야기한다. 음흉한 미소를 짓는다.,바지를 보고 웃었다.,미스터빈은 트렁크에서 사람 다리모형을 꺼냈다.
28,30,미스터빈이 꺼낸 검정색 바지를 들고 승용차 앞으로 와 고개를 숙여 차 밑을 보고 있다,마네킹 다리를 가지고 차 앞으로 향한다.,차 앞으로 갔다.,미스터빈은 다리 모형을 가지고 차 앞쪽으로 이동했다.
30,32,미스터빈이 검정색 바지를 자동차 아래에 넣었다,몸을 숙이고 마네킹 다리를 차 앞 밑에다가 놓는다.,몸을 낮추고 바지를 차 밑으로 집어넣었다.,미스터빈은 다리모형을 도로 선 옆에 평행하게 놓았다. 
32,34,미스터빈이 자켓 주머니에서 스패너를 꺼냈다,그리고 주인공은 외투 안주머니에서 렌치를 꺼낸다.,만족한 얼굴로 펜치를 옷에서 꺼냈다.,미스터빈은 외투 안 주머니에서 스패너를 꺼냈다.
34,36,미스터빈이 자켓 주머니에서 꺼낸 스패너를 자동차 아래에 있는 검정색 바지 옆에 두었다,그리고 그것을 다리 옆에 두고 차 뒤로 향한다.,그리고 놔두었던 바지 옆에 펜치를 내려놓았다.,미스터빈은 스패너를 도로 선 옆에 두었다.
36,38,미스터빈이 다시 일어나 자동차 트렁크 쪽으로 갔다,차 뒤로 가서 열려있던 트렁크를 닫는다.,흥겨운 모습으로 차 뒤로 가서 트렁크를 닫았다.,미스터빈이 자신의 차 트렁크로 이동하였다.
38,40,미스터빈이 자동차 트렁크를 닫았다,그리고 조금 빠른 걸음으로 다시 차 앞으로 간다.,다시 차 앞으로 왔다.,미스터빈이 자신의 차 앞으로 이동하였다.
40,42,미스터빈이 자동차 보닛에 지지대를 세워 승용차가 수리중인 것 처럼 열어 놓았다,그 뒤 보닛을 열어 두고 흡족하다는 듯이 두 손을 비빈다. 마치 차를 수리하고 있는 것 처럼 위장했다.,차 보닛을 열고 손을 매만졌다.,미스터빈이 자신의 차의 보닛을 열어 막대기로 고정시켰다.
42,44,미스터빈이 큰 미술관을 보며 감탄함,미술관 앞으로 간다. 미술관의 크기를 보고 놀랐는지 입을 벌린다. 그 뒤 미술관이 보인다.,그리고 옆에있는 건물을 올려다보았다.,미스터빈이 고개를 들어 미술관을 바라보았다.
44,46,미스터빈이 자켓 주머니에서 사진기를 꺼내 미술관 정면 사진을 찍었다,미술관이 보이다가 주인공의 손이 다시 외투 안주머니로 향한다.,손목 시계를 보았다.,미스터빈이 자신의 외투 주머니에서 카메라를 꺼냈다.
46,48,미스터빈이 사진기를 보며 웃고 있음,주머니에서 폴라로이드 카메라를 꺼내 미술관 모습 사진을 찍는다.,소매에서 카메라를 꺼내 건물을 찍었다.,미스터빈이 카메라로 미술관을 촬영했다.
48,50,미스터빈이 사진기에서 사진을 출력해 보고 있음,카메라에서 사진이 인화되고 주인공은 그 사진을 들고 앞으로 간다.,카메라에서 필름이 나오고 미스터빈은 그걸 잡았다.,미스터빈이 방금 찍은 사진을 바로 인화했다.
50,52,미스터빈이 불법 주차 단속을 하던 여자 경찰 옆을 지나 사진을 들고 미술관으로 향함,주인공이 노란 비틀 앞을 지나간다. 여경이 반대쪽에서 나타난다.,자신의 차 앞에 있던 차로 갔다.,미스터빈은 박물관쪽으로 이동하였다.
52,54,불법 주차 단속을 하던 여자 경찰이 노란색 자동차를 지나 미스터빈의 승용차로 향함,주인공은 계단을 통해 미술관으로 들어가고 여경은 뒷짐 진 채로 계속 걸어간다.,건물 바깥에 있는 계단을 올라갔다.,미스터빈은 박물관쪽으로 이동하였다. 여자 경찰이 도로를 바라보며 미스터빈 차 쪽으로 이동했다.
54,56,불법 주차 단속을 하던 여자 경찰이 미스터빈의 녹색 자동차를 발견함,여경이 주인공 차를 발견하고 걸음이 빨라진다. 그 앞에 멈춘다.,경찰관은 앞에 차에서 미스터빈의 차로 왔다.,여자 경찰이 미스터빈의 주차된 차를 발견하였다.
56,58,불법 주차 단속을 하던 여자 경찰이 미스터빈의 녹색 자동차를 단속하기 위해 자켓에서 수첩을 꺼내려고 함,여경이 두 손을 허릿춤에 가져간 채로 화를 낸다. ,경찰관은 허리에 손을 얹고 화난듯한 표정을 지었다.,여자 경찰이 미스터빈의 차를 보며 주차딱지를 꺼내려 하고있다.
58,60,불법 주차 단속을 하던 여자 경찰이 자켓에서 수첩과 펜을 꺼내 적으려 하는데 미스터빈의 녹색 자동차 아래에 있는 검정색 바지와 스패너를 발견함,여경이 옷 안주머니에서 노트와 연필을 꺼낸다. 그 때 차를 수리하고 있는 것 같은 모습을 본다.,옷 안에서 메모장을 꺼냈다.,여자 경찰이 미스터빈이 두고간 스패너와 다리모형을 발견했다.
60,62,불법 주차 단속을 하던 여자 경찰이 놀란 표정을 지으며 미스터빈의 녹색 자동차의 보닛이 열려 있는 것을  발견함,그것을 보고 여경은 한쪽 눈을 찡그린다.,바지와 펜치를 보았다.,스패너와 다리 모형을 본 여자경찰이 당황했다.
62,64,불법 주차 단속을 하던 여자 경찰이 들고 있던 수첩과 펜을 자켓 주머니에 넣음,표정이 일그러진 채로 다시 노트와 연필은 집어넣는다.,다시 메모장을 옷에 집어넣었다.,여자 경찰은 주차딱지를 다시 품 안으로 집어넣었다.
64,66,불법 주차 단속을 하던 여자 경찰이 미스터빈의 녹색 자동차를 단속하지 않고 지나감 미스터빈은 미술관 입구의 기둥 뒤에서 그 행동을 관찰함,그리고 다시 갈 길을 가고 그 뒤 박물관의 기둥 뒤에서 그것을 지켜보고 있던 주인공의 모습이 보인다.,미스터빈은 그런 경찰을 모습을 바라보고 있다.,미스터빈은 그 과정을 박물관쪽에서 지켜보고 웃고있다.
66,68,미스터빈은 자기의 녹색 자동차가 불법 주차 단속에 걸리지 않은 것을 좋아하고 웃으며 미술관으로 들어감,주인공이 키득대며 웃는다. 박물관 안으로 들어간다.,바라보고 웃다가 건물 안으로 들어왔다.,미스터빈이 박물관 내부로 들어갔다.
68,70,미스터빈이 미술관의 로비를 걷고 있고 빨간색 제복을 입은 사람이 손을 뻗고 있는 그림을 발견함 미술관 경비원이 졸고 있음,박물관 안을 천천히 걷는다. 무언가를 보고 놀랍다는 표정을 짓는다.,왼쪽의 경찰관이 자고 있고 미스터빈은 살금살금 왼쪽으로 간다.,미스터빈이 박물관의 안쪽으로 들어가고 있다.
70,72,미스터빈이 미술관을 걷다 빨간색 제복을 입은 사람이 그려진 그림으로 달려감,오른쪽을 돌아보니 근대 유럽풍 군복을 입은 사람이 한쪽 발을 돌 위에 올리고 검지만 편 손을 한쪽 방향으로 치켜든 그림(나폴레옹 그림이라고 했던 것)을 보고 그 그림 앞 계단을 걸어 올라간다.,그림을 보고 뛰어간다.,미스터빈이 사람 그림을 보고 그림을 향해 달려갔다.
72,74,미스터빈이 그림속 빨간색 제복을 입은 사람이 손을 뻗어 가리키는 방향을 바라봄,주인공이 그 앞에서 그림의 손이 가리킨 방향을 살핀다. 미술관 벽 끝과 천장이 만나는 모서리 부분이다.,그림 안의 남자는 왼쪽 위를 가르키고 있고 미스터빈은 그 방향을 바라본다.,미스터빈이 박물관 구석을 바라보았다.
74,76,미스터빈이 빨간 제복을 입은 사람이 가리키는 방향에 아무것도 없다는 것을 확인하고 그림을 만짐,주인공이 그림에 두 손을 대고 초점을 맞추는 것 처럼 한쪽눈을 감는다.,그림에 가까이 가서 한쪽 눈을 감고 더 정확한 방향을 바라본다.,미스터빈이 한쪽 눈을 감고 박물관 구석을 바라보고 있다.
76,78,미스터빈이 그림을 돌리기 위해서 팔을 뻗어 힘을 주고 있음,시야를 그림의 손가락이 가리키는 뱡향으로 향한다. 여전히 모서리를 향하고 있다.,계속 집중해서 바라본다.,미스터빈이 그림에 딱 붙어서 박물관 구석을 보고 있다.
78,80,미스터빈이 그림을 돌리기 위해 힘을 줬지만 그림이 돌아가지 않자 갸우뚱한 표정을 지음,주인공이 그것을 확인하고 의아하다는 듯한 손짓을 한다.,그러다 어깨를 으쓱해본다.,미스터빈이 의문을 가지며 돌아섰다.
80,82,미스터빈이 그림 앞에서 고개를 젓고 몸을 돌리며 무언가를 고민하고 있음,허리춤에 손을 올린 채로 그림 뒤로 돌아 무언가를 찾는다.,주변을 두리번거린다.,미스터빈이 다시 다른곳을 보고 있다.
82,84,미스터빈이 어느 한 쪽을 바라보며 뭔가를 알겠다는 듯이 행동함,고개를 흔들며 계속 무언갈 찾다가 그림 오른편에서 뭔가 발견했는지 왼손을 턱에 갖다댄다.,계속 두리번거리다 뭔가를 발견했는지 깜짝 놀랜다.,미스터빈이 주변을 두리번거리고 있다.
84,86,미스터빈이 벽 한쪽에 있는 남자 화장실을 발견함,턱에 손을 댄 채로 그곳을 바라본다. 화장실 문이 보인다.,남자화장실을 발견했다.,미스터빈이 남자화장실을 보고 눈을 번뜩였다.
86,88,미스터빈이 다시 그림을 돌리기 위해 파을 뻗어 힘을 주고 있음,화장실이 있음을 확인하고 주인공이 그림 왼쪽 아래를 잡는다.,그림의 아래 모서리를 잡는다.,미스터빈이 그림의 왼쪽 아래를 잡았다.
88,90,미스터빈이 힘을 주자 그림이 돌아가기 시작함,그리고 그림을 들어 돌아가게 한다. ,그림의 방향을 바꾼다.,미스터빈이 그림을 회전시키고 있다.
90,92,미스터빈이 힘을 주어 그림을 돌렸다 돌아간 그림속 빨간 제복을 입은 사람의 팔이 미스터빈이 바라보던 방향을 향하고 있다,그림을 돌려서 그림의 손가락이 가리키는 방향이 화장실 문을 가리키게 한다.,그림이 가르키는 방향이 남자화장실이 되도록 바꿨다.,미스터빈이 그림을 회전시켜 그림속 사람의 손 방향이 남자화장실을 가르키도록 하였다.
92,94,미스터빈이 그림을 조정해 그림속 빨간 제복을 입은 사람의 팔이 벽 한쪽에 있는 남자 화장실을 가리키게 만들었다,손가락이 화장실 문을 정확히 가리키게 그림을 조금씩 돌린다.,더 정확하게 조정한다.,미스터빈이 그림을 회전시켜 그림 속 사람의 손 방향이 남자화장실을 가르키도록 하였다.
94,96,미스터빈이 만족한 표정과 행동을 하며 다시 계단을 내려가려 하고 있음,그 뒤 주인공이 만족한 듯이 엄지를 치켜들고 계단 아래로 내려간다.,엄지를 치켜세우고 그림이 있는 단에서 내려간다.,미스터빈이 엄지를 치켜들며 자신이 한 행동에 만족하고 있다.
96,98,미스터빈이 웃으며 계단을 내려감,계단을 내려가면서 두 손을 비비고 다 내려간 뒤에는 오른쪽으로 돌고 앞으로 간다.,만족한 표정을 짓고 손을 모으며 내려갔다.,미스터빈이 계단을 내려가며 다른 곳으로 이동하고 있다.
98,100,미스터빈이 미술관 로비를 지나 커피 머그잔을 들고 졸고 있는 경비원 옆을 지남,그 앞에서 늙으신 경비원이 커피잔을 든 채로 잠을 자고 있다. 주인공은 그 앞을 지나간다.,졸고있는 경찰관 앞을 지나간다.,미스터빈이 졸고있는 경비 앞을 지나갔다.
100,102,미스터빈이 경비원 옆을 지나서 뒤돌아 경비원을 바라보고 있음,지나가던 도중 주인공이 그것을 보고 뒤로 돈다.,지나가다가 졸고있는 경찰관을 바라본다.,미스터빈이 졸고있는 경비아저씨를 보고 놀랐다.
102,104,미스터빈이 졸고 있는 경비원을 보며 불만 섞인 표정으로 못마땅해함,경비원을 향해 두 손을 들어올리며 마치 불만을 표시하는 듯한 자세를 취한다.,경찰관을 가르키며 안 되겠다는 표정을 짓는다.,미스터빈이 이해가 안된다는 표정으로 졸고있는 경비아저씨를 보고 있다.
104,106,미스터빈이 졸고 있는 경비원을 지나 미술관 안의 여러 그림들을 보고 있음,그 뒤 체념한 듯이 손사래를 치고 다시 앞으로 간다.,경찰관을 뒤로 한 채 지나간다.,미스터빈은 졸고있는 경비아저씨를 냅두고 박물관 안쪽으로 이동하였다.
106,108,미스터빈이 미술관 안의 여러 그림들을 보다 한 누드 조각상을 발견함,주인공이 주변을 돌아보다가 여자 나체 조각상을 보고 멈춘다.,여자 조각상을 올려다본다.,미스터빈이 박물관 안에 있는 그림을 구경하고 있다.
108,110,미스터빈이 발견한 누드 조각상은 옷이 없어서 미스터빈이 민망한지 눈을 가림,그 조각상을 살펴보다가 놀란 듯 입을 오므린다.,조각상을 보고 헤벌레한 표정을 짓는다.,미스터빈이 여성 인체 조형물을 보고 놀랐다.
110,112,미스터빈은 누드 조각상을 바라보며 못마땅한 표정을 지음,그리고 오른손을 눈 옆에 가져가 마치 안보려고 하는 듯이 시야를 가린다.,미간에 손을 대고 눈을 커다랗게 뜬다.,미스터빈이 여성 인체 조형물을 보고 놀랐다.
112,114,미스터빈이 누드 조각상에서 시선을 돌려 누드 조각상 옆에 있는 공을 밟고 있는 누드 조각상을 발견함,약간 불만이 있는 듯한 표정을 하다가 왼쪽을 보니 남자 나체 조각상이 있다. 그것을 보고 주인공이 또 놀란다.,이번엔 옆에있는 남자 조각상을 바라본다.,미스터빈이 고개를 돌려 남성 인체 조형물을 보았다.
114,116,미스터빈은 누드 조각상과 공을 밟고 있는 누드 조각상 사이에서 눈을 가리며 못마땅한 표정을 짓고 있음,이번엔 왼쪽 눈 옆에 손을 가져가 양쪽을 가린다. ,양손을 눈 옆에 펼치고 눈을 커다랗게 뜬다.,미스터빈이 남성 인체 조형물의 성기를 보고 놀라 고개를 돌렸다.
116,118,미스터빈은 두 눈을 가린 상태로 두 누드 조각상 사이를 지나 옴,어떤 곳을 봐야 할지 모르겠다는 듯이 고개를 저으며 두 조각상을 피한다.,그 상태로 왼쪽으로 걸어간다.,미스터빈이 양쪽 손을 들어 인체 조형물을 보지 않게 시야를 가리며 이동하고 있다.
118,120,미스터빈은 두 눈을 가린 상태로 불쾌한 표정을 지음,손으로 시야를 가린 채로 두 조각상을 안보려고 하면서 지나가다가 뭔가를 발견한다.,그러다 뭔가 맘에 안든다는 표정을 짓는다.,미스터빈이 무언가를 보고 놀랐다.
120,122,미스터빈은 미술관의 한쪽 벽에 있는 해바라기와 꽃이 그려진 노란색 그림을 발견함 노란색 그림은 레이저 경보 장치 안에 있다,주인공이 입을 벌렸다가 오므리고 눈을 반쯤 감는다. 마치 체념했다는 듯한 표정이다.,앞에는 그림이 있고 그림에 다가가지 못하게 하는 빨간 레이저 센서가 있다.,미스터빈이 노란색 배경의 꽃 그림과 보안 레이저를 보았다.
122,124,미스터빈이 해바라기와 꽃이 그려진 노란색 그림 앞으로 다가감,앞을 보니 고흐의 해바라기 그림이 있었고 그 앞에 레이저 경보장치가 있다.,미스터빈은 가까이 다가간다,미스터빈이 노란색 배경의 꽃 그림과 보안 레이저를 향해 이동하였다.
124,126,미스터빈이 알 수 없다는 표정을 지으며 팔을 뻗어 노란색 그림을 가리키고 있음,주인공이 그 앞으로 걸어가다 멈춘다.,그림에 대고 양손을 펼쳐보인다.,미스터빈이 노란색 배경의 꽃 그림을 보고있다.
126,128,미스터빈이 자켓 안에서 사진기를 꺼내어 해바라기와 꽃이 그려진 노란색 그림을 사진을 찍음,그 그림 앞에서 두 손을 들고 그 그림이 놀랍다는 자세를 취한다.,카메라를 꺼내 그림을 찍는다.,미스터빈이 노란색 배경의 꽃 그림을 촬영하였다.
128,130,미스터빈이 사진기로 노란색 그림의 사진을 찍은 후 사진기에선 사진이 출력되고 있음,그 뒤 카메라를 꺼내 그림 사진을 찍는다.,사진을 찍고 사진기를 들여다본다.,미스터빈이 노란색 배경의 꽃 그림을 촬영한 것을 인화하고 있다.
130,132,미스터빈은 출력된 사진을 보고 기뻐하며 사진을 흔들어 말리고 있음,찍은 뒤 오른손의 엄지와 검지를 맞대고 그림을 향해 오른팔을 올리고 내린다.,나온 필름 사진을 잡고 흔든다.,미스터빈이 인화한 사진을 흔들고 있다.
132,134,출력된 사진엔 아직 아무것도 나타나지 않고 있음,사진이 인화되는 것을 기다리고 그 사진을 꺼낸다.,아직 마르지 않은 필름사진을 바라본다.,미스터빈이 인화한 사진을 보았다.
134,136,출력된 사진에 해바라기와 꽃이 그려진 노란색 그림이 인화되어 나옴,사진을 흔들고 그것을 확인한다. 아무것도 없다.,마르면서 찍은 그림이 보인다.,노란색 배경의 꽃 사진이 완전히 인화되었다.
136,138,미스터빈은 출력된 사진을 보며 기뻐하고 있음,그 뒤 사진에 해바라기 그림이 나타난다.,만족스럽게 웃는다.,미스터빈이 인화된 노란색 배경의 꽃 사진을 보고 만족하고 있다.
138,140,미스터빈은 다시 자기와 그림이 사진에 찍히도록 팔을 뻗어 카메라로 자기와 그림을 함께 사진 찍음,사진이 잘 찍혔음을 확인하고 주인공이 웃는다.,이번엔 자신도 그림과 같이 나오게 사진기를 든다.,미스터빈이 인화된 노란색 배경의 꽃 그림 앞에 레이저를 보고 있다.
140,142,미스터빈이 사진을 찍는 거리를 조절하기 위해 조금 뒤로 향함 레이저 경보 장치에 닿을것만 같음,사진을 외투의 안주머니에 넣는다. 그리고 카메라를 한손으로 치켜들고 그림 뒤로 돈다. 마치 셀카를 찍으려는 자세 같다.,뒷걸음질 치며 점점 그림에 가까이 다가간다.,미스터빈이 보안용 레이저에 가까이 이동하였다.
142,144,미스터빈이 사진을 찍기 위해 자세를 잡다 레이저 경보 장치를 건드림,카메라를 한 손으로 든채로 뒤로 걸어 경보 장치에 다가간다.,포즈를 잡는다.,미스터빈이 그림에 가까이 앉았다가 보안용 레이저에 닿았다.
144,146,미스터빈이 레이저 경보 장치를 건드리자 졸고 있던 경비원이 깜짝 놀라 커피가 든 머그잔을 떨어뜨리며 잠에서 깸 머그잔은 깨졌다,그 상태로 엉덩이를 뒤로 빼자 레이저에 닿고 만다.,레이저 센서를 건드리며 졸고있던 경찰관이 깜짝 놀라 잔을 떨어뜨린다.,"자고 있던 경비아저씨가 놀라서 벌떡 일어나자, 무릎 위에 있던 컵이 깨졌다."
146,148,경비원은 미술관의 로비를 향해 걸어감,"주인공이 놀라 고개만 돌려 경보장치를 보고, 자고 있던 경비원은 놀라 깨다가 커피잔을 떨어뜨려 깨뜨리고 만다.",경찰관은 고개를 도리질하고 오른쪽으로 걷는다.,경비아저씨가 고개를 한번 젓고 박물관 밖으로 이동하고 있다.
148,150,미스터빈은 자세를 바꾸려 하다 몇번 더 레이저 경보 장치를 건드림,깬 잔을 보고 고개를 흔들고 박물관 입구쪽으로 걸어간다.,미스터빈은 센서에 엉덩이를 들이댄다.,미스터빈이 일부러 보안용 레이저에 닿게 엉덩이를 내밀었다.
150,152,미스터빈은 호기심이 생겼는지 레이저 경보 장치의 레이저를 만지려고 팔을 뻗음,주인공은 그 경보장치를 보다가 다시 엉덩이를 뒤로 빼 레이저에 갖다댄다.,눈을 게슴츠레하게 뜨며 사진기를 집어넣는다.,미스터빈이 보안용 레이저를 관찰하고 있다.
152,154,미스터빈은 레이저를 손가락으로 건드려 본 뒤 자켓에서 손수건을 꺼냄,그리고 카메라를 주머니에 다시 넣고 앞으로 돌아 실눈을 뜬 채로 손가락을 레이저 가까이 가져간다.,손수건을 꺼낸다.,미스터빈이 보안용 레이저에 손가락을 갖다 대었다.
154,156,미스터빈은 자켓에서 꺼낸 손수건을 레이저 위에서 떨어뜨려 손수건이 레이저를 지나가게 함,손가락을 레이저에 댔다가 떼고 주머니에서 손수건을 꺼낸다.,레이저 위에 떨어뜨린다.,미스터빈이 품안의 흰 손수건을 꺼내 보안용 레이저 위에 떨어뜨렸다.
156,158,미스터빈은 환하게 웃으며 그림이 걸려 있는 벽의 반대 방향을 바라봄,손수건을 레이저 위에서 떨어뜨린다. 손수건이 레이저를 통과한다.,떨어진 손수건을 보고 웃는다.,미스터빈이 보안용 레이저 위에 떨어뜨린 손수건이 닿는 것을 보고 즐거워하고있다.
158,160,바라본 반대 방향의 미술관 로비에서 어린 학생들이 여러명 올라옴,주인공이 그것을 보고 웃는다. 그리고 뒤를 본다.,그러다 오른쪽을 봤는데 사람들이 오고 있다.,미스터빈이 뒤를 돌아 박물관으로 들어오는 많은 여학생들을 바라보았다.
160,162,미스터빈이 웃다가 뭔가를 실수했다는 듯 머리를 싸맴,박물관 안으로 여자 아이들이 들어오고 있다.,미스터빈은 당황한 표정을 짓는다.,미스터빈이 무언가를 생각한 뒤 깜짝 놀라고 있다.
162,164,미스터빈은 미술관에 있는 두 누드 조각상을 바라봄,주인공이 그것을 보고 두 손을 맞잡고 있다가 뭔가 깨닳았는지 양 손을 뺨에 갇다댄다.,왼쪽에 있는 여자 조각상과 오른쪽에 있는 남자 조각상을 바라본다.,미스터빈이 아까 보았던 나체의 인체 조형물들을 보고있다.
164,166,미스터빈은 두 누드 조각상을 바라본 뒤 깜짝 놀란듯 어딘가로 달려감,시야가 나체 조각상 둘로 향한다.,어느 조각상을 가르키고 걸어간다.,미스터빈이 나체 조형물을 가르키며 놀라고 있다.
166,168,어린 학교 학생 여럿이서 미술관 견학을 와 안을 걸으며 그림들을 보고 있음,주인공이 조각상을 보고 앞으로 달려간다.,사람들은 점점 안으로 들어온다.,견학온 여학생들이 나체 조형물 쪽으로 이동하고 있다.
168,170,견학온 학교 학생 여러명이 누드 조각상 앞으로 오지만 누드 조각상의 상체에 자켓이 입혀져 있음,아이들이 박물관 안으로 오고있다. 점점 그 조각상으로 향한다.,여자 조각상이 옷을 입고있다.,여학생들이 나체 조형물에 도착할때엔 여자 나체 조형물에는 옷이 입혀져 있었다.
170,172,견학온 학생들과 지도 선생님은 누드 조각상에 자켓이 입혀져 있는 것을 봄,여자 나체 조각상 앞에 아이들이 왔다. 조각상에 주인공의 외투가 입혀져 있다.,학생들은 그걸 보고 웃는다.,여자 선생님이 옷이 입혀진 여자 나체 조형물을 보고 놀랐다.
172,174,지도 선생님은 당황스러운 표정을 짓고 학생들은 자켓이 입혀져 있는 누드 조각상을 보며 웃음,아이들이 그 모습을 보고 웃는다. 선생님으로 보이는 사람이 조금 늦게 그 자리에 도착한다.,인솔하는 선생님은 의아해하고 학생들은 웃는다.,여자 선생님과 여학생들 모두 즐겁게 옷이 입혀진 나체 조형물을 구경하고 있다.
174,176,견학온 학생들은 누드 조각상을 보며 웃다가 옆에 있는 공을 밟고 있는 누드 조각상으로 향함 공을 밟고 있는 누드 조각상은 성기에 손수건이 올려져 있음,옷이 입혀져 있는 조각상의 모습이 보인다. 아이들은 여전히 웃고 있다.,학생들이 남자 조각상으로 가는데 남자 조각상은 고간에 옷이 올려져있다.,"여학생들이 남자 나체 조형물을 향해 다가갔는데, 남자 나체 조형물의 성기에는 손수건이 올라가 있었다."
176,178,견학온 학생들은 성기가 손수건으로 가려진 공을 밟고 있는 누드 조각상을 보며 웃음 지도 선생님은 당황스러운 표정을 지음,아이들이 오른쪽에 무엇인가를 발견한 듯이 가리키며 그곳으로 달려간다. 남자 나체 조각상이다. 손수건으로 주요부분이 가려져 있다.,학생들은 그걸 보고 손을 뻗는다.,여학생들이 성기가 손수건으로 가려져있는 남자 나체 조형물을 구경하고 있다.
178,180,지도 선생님은 고개를 저으며 웃고 있는 학생들을 향함,아이들은 그 앞에서 계속 웃고 있다.,선생님은 그걸 보고 허리에 손을 얹고 도리질한다.,선생님이 고개를 저으며 여학생들에게 다가가고있다.
180,182,지도 선생님은 성기가 손수건으로 가려진 누드 조각상 앞에서 견학온 웃고 있는 학생들을 제지시킴,선생님이 그 모습을 보고 아이들쪽으로 향한다.,선생님이 학생들 쪽으로 다가간다.,선생님이 학생들을 다른 곳으로 인도하고 있다.
182,184,지도 선생님은 성기가 손수건으로 가려진 누드 조각상 앞에서 웃고 있는 견학온 어린 학생들을 데리고 다른 곳으로 향함,선생님이 조각상 앞에 다다르자 아이들이 선생님쪽으로 몸을 돌린다.,조각상에서 멀어지도록 인솔한다.,선생님이 다른 여학생들을 데리고 박물관의 다른 구역으로 이동하고 있다.
184,186,누드 조각상 뒤에서 자켓을 벗고 있는  미스터빈이 나옴,선생님이 아이들을 데리고 그 조각상 앞을 떠난다.,미스터빈이 조각상 뒤에서 나온다.,남자 나체 조각상 뒤에 숨어있던 미스터빈이 밖으로 고개를 내밀었다.
186,188,미스터빈은 공을 밟고 있는 누드 조각상의 성기를 가리고 있는 손수건을 가져가려고 하다가 깜짝 놀람,아이들이 다 떠남을 확인하고 주인공이 그 조각상 뒤에서 나온다. 다행이라는 듯이 오른손으로 이마를 닦는다.,남자조각상 고간에 올려져있는 옷가지를 잡으려다가 다시 손을 뺀다.,미스터빈이 남자 나체 조각상에 올려져 있던 손수건을 회수하려다가 멈춘다.
188,190,미스터빈이 깜짝 놀라 바라본 방향엔 검은색 양복을 입은 사람이 회색 가방을 들고 꽃과 해바라기가 그려진 노란색 그림 앞에서 두리번 거리고 있다,그 뒤 손수건을 다시 가져가려다가 무엇인가 발견한다.,수상한 남자를 보고 숨는다.,미스터빈이 도둑을 발견하고는 다시 남자 나체 조각상 뒤에 숨었다.
190,192,검은색 양복을 입은 사람은 회색 가방을 들고 노란색 그림 앞에 서 있음,도둑으로 보이는 검은색 옷을 입은 사람이 가방을 들고 해바라기 그림 앞으로 다가간다. 주인공은 조각상 뒤에서 숨어 그것을 지켜본다.,수상한 남자는 검은색 가방을 들고 두리번거린다.,"도둑이 주변을 살피며 노란색 배경의 꽃 그림으로 향하고 있고, 미스터빈은 남자 나체 조각상 뒤에 숨어있다."
192,194,미스터빈은 검은색 양복을 입은 사람이 무엇을 하려고 하는지 누드 조각상 뒤에서 지켜보고 있다,도둑이 그림 앞에 서서 주변을 살핀다. 주인공은 좀 더 몸을 숨긴다.,미스터빈은 숨어서 지켜본다.,미스터빈이 남자 나체 조각상 뒤에 숨어서 도둑을 지켜보고 있다.
194,196,도둑 검은색 양복을 입은 사람이 회색 가방을 들고 레이저 경보 장치 앞에서 뒤를 돌아 서 있다,도둑이 그림쪽으로 돌아본다. 주인공은 좀 더 고개를 내민다.,수상한 남자를 게슴츠레하게 바라본다.,미스터빈이 남자 나체 조각상 뒤에 숨어서 도둑을 지켜보고 있다.
196,198,도둑 검은색 양복을 입은 사람이 회색 가방을 열어 바닥에 놓고 노란색 꽃과 해바라기가 그려진 그림을 바라보고 있다,주인공이 실눈을 뜬다. 도둑은 다시 뒤돈다.,남자는 검은색 가방을 편다.,도둑이 가방을 연 다음 노란색 배경의 꽃 그림을 향해 움직였다
198,200,도둑 검은색 양복을 입은 사람이 박수를 치며 뭔가를 고민하다 레이저 경보 장치를 발견함,그리고 가방을 연 뒤 다시 그림을 본다.,남자는 그림을 보고 턱을 매만진다.,도둑이 노란색 배경의 꽃 그림을 훔치려다 보안용 레이저를 발견한다.
200,202,도둑 검은색 양복을 입은 사람이 팔을 뻗어 노란색 꽃과 해바라기가 그려진 그림을 만지고 미스터빈은 그것을 보며 깜짝 놀란다,도둑이 손을 비빈다. 그리고 경보장치가 있음을 발견한다.,남자는 그림을 잡고 미스터빈은 그걸 바라본다.,도둑이 보안용 레이저를 피해 노란색 배경의 꽃 그림을 향해 손을 뻗었다. 
202,204,미스터빈은 사진기를 꺼내 그 현장을 촬영하려고 하고 있다,그리고 경보장치를 피해서 그림을 가져가려고 한다.,미스터빈은 놀란 얼굴을 하고 카메라를 꺼낸다.,도둑이 노란색 배경의 꽃 그림을 훔치려는 것을 본 미스터빈이 사진기를 꺼내들었다.
204,206,미스터빈이 사진기를 꺼내 검은색 양복을 입은 사람을 촬영하고 도둑 검은색 양복을 입은 사람은 검은색 양복이 레이저 경보 장치를 건드린 것을 발견한다,주인공은 그것을 보고 놀란 듯한 표정을 짓고 카메라를 꺼낸다.,미스터빈은 사진을 찍고 남자는 센서에 걸렸는지 바라본다.,미스터빈이 사진기로 도둑이 노란색 배경의 꽃 그림을 훔치려는 것을 찍자 도둑이 훔치는 것을 그만두었다.
206,208,도둑 검은색 양복을 입은 사람이 허리를 숙여 회색 가방을 확인한다,그리고 사진을 찍는다. 도둑이 그것을 눈치챘는지 뒤를 돌아보다가 경보장치를 건드린다.,분한얼굴을 하고 검은색 가방을 잡는다.,도둑이 레이저를 피하며 펼처놓은 가방을 접었다.
208,210,도둑 검은색 양복을 입은 사람이 회색 가방을 들고 미술관을 나간다 미스터빈은 출력된 사진을 흔들고 있다,도둑이 아쉽다는 표정을 지으며 다시 가방을 가져가려고 몸을 숙인다.,남자는 가방을 들고 나가고 미스터빈은 필름 사진을 불어 말린다.,"도둑이 가방을 가지고 도망갔고, 미스터빈은 찍은 사진을 인화한 뒤 말리고 있었다."
210,212,미스터빈이 출력된 사진을 흔들다 사진을 바라본다,"도둑은 가방을 가지고 그 자리를 뜨고, 주인공은 뒤로 돌아 사진이 인화될 동안 사진을 흔들며 기다리고 있다.",마르지 않은 필름 사진을 바라본다.,미스터빈이 인화한 사진을 확인하고 있다.
212,214,미스터빈이 사진을 바라보고 있는 동안 안경을 쓴 사람이 꽃과 해바라기가 그려진 노란색 그림 앞으로 다가간다,사진을 확인하니 아직 아무것도 보이지 않는다.,필름 사진을 소매로 문지른다.,미스터빈이 인화한 사진을 소매로 닦았다.
214,216,안경을 쓴 사람이 노란색 그림 앞에 서 있다,"주인공이 사진이 보이도록 기다리는 동안, 앞치마를 입은 사람이 해바라기 그림 앞으로 다가온다.",갈색머리의 남자가 나타나 그림을 바라본다.,미스터빈이 인화한 사진을 불고 있는 도중 노란 머리 남자가 노란색 배경의 꽃 그림을 구경하고 있다.
216,218,안경을 쓴 사람이 자켓 주머니에서 레이저 경비 리모콘을 꺼내어 들고 있다,그 사람이 허리에 손을 갖다댄 채로 그림을 바라본다.,남자는 옷에서 리모콘을 꺼낸다.,노란 머리 남자가 주머니에서 스위치를 꺼냈다.
218,220,안경을 쓴 사람이 레이저 경비 리모콘을 이용하여 레이저 경비를 해제한 후 다시 레이저 경비 리모콘을 자켓 주머니에 넣었다,그리고 리모컨을 꺼낸다.,남자가 리모콘을 눌렀더니 레이저 센서가 사라졌다.,노란 머리 남자가 주머니에서 꺼낸 스위치를 눌러서 보안용 레이저를 껏다.
220,222,안경을 쓴 사람이 꽃과 해바라기가 그려진 노란색 그림을 들고 어딘가로 가고 있다,리모컨을 누르자 경보장치가 꺼진다.,남자는 그림을 들고 미스터빈은 사진을 말리고있다.,노란 머리 남자가 노란색 배경의 꽃 그림을 떼서 가져가고 있다.
222,224,미스터빈은 출력된 사진을 흔들고 있다 인화가 완료된 사진에는 도둑 검은색 양복을 입은 사람이 노란색 그림을 들고 가려는 장면이 촬영되어 있다,그리고 그 그림을 들고 가져간다. 주인공은 아직도 조각상 뒤에서 사진이 인화되는 것을 기다리고 있다.,남자는 왼쪽으로 걸어가고 미스터빈은 사진을 보고 웃는다.,미스터빈이 인화된 사진을 보며 웃고 있다.
224,226,미스터빈은 촬영된 사진이 만족스러운듯 행복한 표정을 짓고 있다,그 사람은 그림을 들고 사라지고 주인공은 사진이 나왔는지 확인해본다.,사진에는 그림을 잡고있는 수상한 남자가 찍혔다.,인화된 사진에는 도둑이 노란색 꽃 배경을 훔쳐가려는 모습이 잘 담겨있다.
226,228,미스터빈이 촬영된 사진을 바라보다 노란색 그림이 걸려 있던 곳을 바라본다 노란색 그림이 걸려있던 곳엔 아무것도 걸려있지 않다,도둑이 해바라기 그림을 가져가려고 하는 모습이 찍혔다.,그림이 사라졌다는 걸 발견했다.,미스터빈이 고개를 내밀어 노란색 꽃 배경 그림이 있던 곳을 다시 바라 보았다.
228,230,미스터빈은 화가 난듯 표정을 짓고 있다,주인공은 해냈다는 듯이 오른손으로 주먹을 쥔다. 그리고 뒤를 돌아보자 그림이 사라져 있다.,미스터빈은 화난 표정을 짓는다.,미스터빈이 노란색 꽃 배경 그림이 사라진 것을 보고 놀라고 있다.
230,232,미스터빈이 성기가 손수건으로 가려진 공을 밟고 있는 누드 조각상 뒤에서 나와 어딘가로 가고 있다,주인공이 그림이 사라짐을 확인한다.,미스터빈은 소리를 지른 다음 빠르게 걸어간다.,미스터빈이 소리를 내고 여자 나체 조형물로 이동하였다.
232,234,미스터빈이 자켓으로 상체를 가리고 있는 누드 조각상에서 자켓을 벗겨 입는다,주인공이 누군가를 부른다. 그리고 조각상 앞을 뜬다.,여자 조각상이 입고있던 옷을 입었다.,미스터빈이 여자 나체 조형물에 입혀둔 옷을 다시 챙겨 입었다.
234,236,미스터빈이 흔들리는 누드 조각상을 잡고 흔들리지 않게 고정시킨다,여자 나체 조각상 앞으로 가서 외투를 수거해서 다시 입는다. 조각상이 그것 때문에 흔들린다.,웃을 가져가느라 흔들리고 있던 조각상을 잡아 안정시켰다.,미스터빈이 흔들리는 여자 나체 조형물을 고정시켰다.
236,238,미스터빈이 누드 조각상 앞에서 뒤를 돌아 어딘가를 향함,다 입고 조각상이 흔들리는 것을 확인하고 주인공이 조각상이 흔들리지 않게 잡는다.,다시 손을 떼고 뒤돌아본다.,미스터빈이 주변을 살피며 다른 곳으로 이동하였다.
238,240,미스터빈이 미술관 로비를 가로질러 뛰어서 미술관 입구로 향함,그 뒤 조각상을 최대한 안보려고 하면서 그 자리를 뜬다.,출구쪽으로 빠르게 간다.,미스터빈이 미술관 밖으로 이동하고 있다.
240,242,미스터빈이 뭔가를 찾는듯 미술관 전체를 두리번 거리다 성기를 손수건으로 가린 공을 밟고 있는 누드 조각상을 발견하고 조각상을 향해 다가감,두 팔을 벌리고 흔들면서 박물관 밖으로 달려간다.,가다가 미술관을 두리번 거린다.,미스터빈이 밖으로 이동하려다가 다시 인체 조형물 쪽으로 뒤돌았다.
242,244,미스터빈이 성기를 손수건으로 가린 누드 조각상을 향해 다가와 성기를 가리고 있는 손수건을 가져감,나가기 전 뒤를 돌아 무엇인가 찾다가 남자 나체 조각상 앞으로 달려온다.,다시 남자 조각상 쪽으로 와서 올려져있던 천을 가져간다.,미스터빈이 남자 나체 조형물 성기 위에 올려두었던 손수건을 챙겼다.
244,246,도둑 검은 양복을 입은 사람이 회색 가방을 들고 미술관 앞에 주차된 보라색 자동차에 탑승중,조각상에서 다시 손수건을 가져온다. 중요 부분은 나뭇잎 조각으로 가려져 있다.,수상한 남자는 차에 올라타고있다.,도둑이 미술관 밖에 주차해둔 파란색 차를 타려하고 있다. 이를 여자 경찰이 지켜보고 있다.
246,248,도듁 검은 양복을 입은 사람이 보라색 자동차에 시동을 걸어 출발시키고 곧이어 미스터빈이 미술관에서 나와 그 장면을 봄,미술관 앞 전경이 보인다. 도둑이 보라색 차를 탄다. 단속을 하던 여경이 그 앞에 있다.,차는 출발하고 미스터빈은 그걸 보고 빠르게 달려간다.,"도둑이 차를 운전해 가려 하자, 여자 경찰이 손을 흔들고 있다. 미스터빈은 미술관 밖으로 나오고 있다."
248,250,미스터빈이 불법 주차 단속을 하는 중인 여자 경찰 옆을 지나쳐 자기 자신의 초록색 자동차를 향해 달려감,도둑이 차를 몰고 떠난다. 여경이 화를 낸다. 주인공은 박물관 밖으로 나와 계단을 내려온다.,미스터빈은 경찰관을 밀치고 자신의 차 쪽으로 빠르게 간다.,미스터빈이 도둑을 잡으려 자신의 차를 향해 뛰는 도중 여자 경찰을 밀쳐서 여자 경찰이 넘어질 뻔 하였다.
250,252,미스터빈이 열려 있던 자신의 녹색 자동차의 보닛을 내리자 이를 본 여자 경찰이 자기가 속았다는 사실을 알고 깜짝 놀람,주인공이 여경을 밀치고 차 앞으로 달려간다.,경찰관은 바지와 펜치를 보고 어쩔 줄 모르는 표정을 한다.,미스터빈이 자신의 차의 앞 문을 열고 차에 탑승하고 있고 여자 경찰이 이를 지켜보며 놀라고 있다.
252,254,미스터빈의 녹색 자동차가 출발하고 남은 자리에 검은 바지와 스패너가 놓여 있음,주인공이 차를 타려고 한다. 여경은 이것을 보고 안된다는 듯이 고개를 흔든다.,미스터빈은 차를 타고 출발하고 경찰관은 차가 사람 다리처럼 생긴 바지를 밟는것을 본다,미스터빈의 차가 도로에 놔두었던 다리 모형과 스패너를 밟고 지나가는 것을 여자 경찰이 보자 매우 놀랐다.
254,256,이를 보고 너무 충격에 받은 여자 경찰이 수첩과 펜을 던지며 기절함,주인공이 차를 몰자 그 밑에 있던 마네킹 다리가 자동차에 밟힌다. ,경찰관은 기절해 쓰러진다.,여자 경찰이 놀라 들고있던 펜과 종이를 날리며 쓰러졌다.
256,258,도둑 검은 양복을 입은 사람이 운전하는 보라색 자동차가 도로를 달려가고 있음,여경은 이것을 보고 놀라 기절한다.,,검은색 차들이 도로를 달리고 있다.
258,260,도둑 검은 양복을 입은 사람이 운전하는 보라색 자동차가 도로를 달려가고 있고 그 뒤를 미스터빈의 녹색 자동차가 쫒아감,도둑의 차가 사거리를 지난다.,사거리에서 차가 지나다니고 있다.,도둑의 파란 차를 뒤따라서 미스터빈의 연두색 차가 달리고 있다.
260,262,도둑 검은 양복을 입은 사람이 운전하는 보라색 자동차가 도로를 달려가고 있고 그 뒤를 미스터빈의 녹색 자동차가 쫒아감 도로에 다른 차가 많아 곡예 운전을 하고 있음,도둑 차가 자회전을 하고 주인공의 차가 뒤를 쫒아 중앙선을 넘어 자회전한다. 이층버스를 충돌 직전에 피한다.,수상한 남자가 탄 파란색 차가 좌회전을 하고 미스터빈은 뒤에서 그걸 따라간다.,도둑의 파란 차를 뒤따라서 미스터빈의 연두색 차가 달리고 있다.
262,264,넓은 광장을 가로 질러서 도둑 검은 양복을 입은 사람이 운전하는 보라색 자동차와 미스터빈의 녹색 자동차가 지나감,도둑의 차가 로터리에서 오른쪽으로 돌아간다. 주인공 차도 그 뒤를 쫒는다.,파란색 차가 우회전을 하고 미스터빈의 차는 그걸 따라간다.,도둑의 파란 차를 뒤따라서 미스터빈의 연두색 차가 달리고 있다.
264,266,도둑 검은 양복을 입은 사람의 보라색 자동차를 미스터빈의 녹색 자동차가 따라잡음,그리고 주인공의 차가 문 같은 것을 지나간다.,건물 밑으로 파란색 차와 미스터빈의 차가 지나간다.,시내를 벗어나 도둑과 미스터빈의 차가 계속 이동하고 있다.
266,268,도둑 검은 양복을 입은 사람이 미스터빈이 자기를 쫒아온다는 사실을 깨닫고 미스터빈을 째려봄,도둑의 차 뒤로 주인공의 차가 바짝 붙는다. 주인공의 차가 도둑의 차 오른쪽으로 다가간다.,파란색 차는 계속 직진하고 있고 미스터빈은 화난 표정으로 따라간다.,도둑이 백미러를 통해 미스터빈을 발견하였다.
268,270,도둑 검은 양복을 입은 사람이 미스터빈을 견제하기 위해 위협운전 보복운전을 하며 미스터빈을 괴롭힘 ,도둑이 그것을 백미러를 통해 발견한다. 그리고 주인공의 차를 피한다.,수상한 남자는 미스터빈을 백미러로 보고 핸들을 꺽는다.,도둑과 미스터빈의 차가 나란히 달리고 있다.
270,272,미스터빈의 녹색 자동차가 보복운전 위협운전 때문에 분홍색 아이스크림 트럭에 치일뻔하고 미스터빈은 깜짝 놀라며 아이스크림 트럭을 쳐다봄,주인공의 차 앞으로 분홍 트럭이 다가온다. 놀라서 재빨리 피한다.,미스터빈은 파란색 차를 추월하려고 한다.,미스터빈의 차 쪽으로 빨간색 차가 다가와서 미스터빈이 놀라 차선을 변경하였다.
272,274,미스터빈은 안도하는 숨을 내쉬며 다시 가속을 하기 시작함,주인공이 다행이라는 듯이 숨을 내쉰다.,추월하려고 옆 차선을 가다 마주 다가오는 빨간색 트럭과 부딪힐 뻔 했다.,미스터빈이 운전중 창 밖으로 고개를 내밀어 지나간 빨간 자동차를 확인하였다.
274,276,주차 단속을 하던 여자 경찰은 미스터빈이 남기고 간 검은 바지를 들고 쳐다보고 있음,한편 박물관 앞에서 여경이 마네킹 다리였음을 확인한다. 그 다리를  들고 있다.,미스터빈은 빨간색 트럭을 바라보다 다시 직진한다.,여자 경찰이 사람 다리 모형을 확인하고 있다.
276,278,주차 단속을 하던 여자 경찰은 미스터빈이 남기고 간 검은 바지를 흔들며 분한 표정 화가 난 표정을 짓고 있음,그것을 흔들고 눈을 찡그린다.,경찰관은 기절했다 깨어나서 바지를 들고 바라본다,여자 경찰이 사람 다리 모형을 흔들며 화를 내고 있다.
278,280,도둑 검은 양복을 입은 사람의 보라색 자동차와 미스터빈의 녹색 자동차는 영국을 지나 프랑스로 향하고 있음,프랑스 방향이라는 표지판이 보인다. 그 뒤 영국 지도가 보인다. 두 차는 빅벤쪽에 있고 영국 오른쪽 아래 배가 있다.,불만스러운 표정으로 바지를 잡고 흔든다.,영국에 있던 도둑과 미스터빈의 차가 프랑스를 향해 가고 있다.
280,282,도둑의 보라색 자동차는 길을 잘 찾아 가지만 미스터빈의 녹색 자동차는 길을 헤메고 잇음,도둑의 차는 바로 배로 향하고 주인공 차는 이리저리 돌아서 가고 있다.,파란색 차는 프랑스로 가는 배를 타는 길로 가고 미스터빈은 지그재그를 그리며 따라간다.,미스터빈의 차와 도둑의 차가 프랑스로 향하는 배를 향해 이동하고 있다.
282,284,미스터빈과 도둑 검은 양복을 입은 사람의 두 자동차는 영국에서 프랑스로 가는 배를 타기 위해 항구에서 기다리고 있음 도둑의 보라색 자동차가 조금 더 먼저 도착함,두 차 모두 배 가까이 왔다. 도둑의 차는 배 앞에 자동차가 줄을 서 있는데 그 곳에 도착했다.,파란색차는 프랑스로 가는 배를 타러 차를 타고 줄을 섰다.,도둑의 차가 프랑스로 향하는 선박에 도착하여 입장 대기하고 있다.
284,286,도둑 검은색 양복을 입은 사람의 자동차는 도착했지만 아직 미스터빈의 자동차는 도착하지 않고 있음,도둑의 차 뒤에 다른 하늘색 삼륜차가 섰다.,뒤이어 하늘색 차가 섰다.,도둑의 차 뒤로 하늘색 자동차가 선박 앞에 도착하여 입장 대기하고 있다.
286,288,곧이어 미스터빈의 녹색 자동차가 도착해서 영국에서 프랑스로 가는 배를 타는 항구 앞에는 미스터빈과 도둑 검은 양복을 입은 사람의 자동차가 기다리고 있음,그리고 그 차 뒤에 바로 주인공의 차가 도착했다.,그 뒤에 미스터빈의 차가 섰다.,하늘색 자동차 뒤로 미스터빈의 자동차가 선박 앞에 도착하여 입장 대기하고 있다.
288,290,미스터빈은 자동차 창 밖으로 얼굴을 내밀어 도둑의 보라색 자동차를 확인,주인공이 차창 밖으로 고개를 내밀어 앞을 본다.,미스터빈은 차창 밖으로 고개를 내밀어 앞을 봤다.,미스터빈이 차 밖으로 고개를 내밀어 앞에 있는 차들을 확인하고 있다.
290,292,미스터빈은 도둑의 자동차를 쳐다보고 있음 영국에서 프랑스로 가는 배의 문이 열려서 여러 자동차들이 배에 탑승하고 있는 도중 탑승하는 곳의 입구엔 영국 모자를 쓰고 악기를 연주하는 사람이 있음,"그 앞에 도둑의 차가 있고 맨 앞 차가 앞으로 나아간다. 배 입구 앞에는 북,  우쿨렐레, 하모니카를 동시에 연주하는 연주자와 비니를 쓴 사람이 있다. 주자안내원으로 보인다.",파란색 차를 발견했다.,맨 앞에 있던 차부터 한대씩 선박 안으로 들어가고 있다.
292,294,배에 타려고 하는 차의 행렬이 배로 들어가고 있음 영국 모자를 쓰고 악기를 연주하는 사람이 악기를 연주하고 있음,한 차가 배 입구로 들어간다. 비니를 쓴 사람은 그 차가 들어가도록 안내하고 연주자는 연주를 하고 있다.,영국기가 그려진 모자를 쓰고 악기를 연주하는 남자와 안내요원이 차를 재 안으로 안내했다.,맨 앞에 있던 하늘색 차가 선박안으로 들어갔다.
294,296,배에 타려고 하는 차의 행렬이 배로 들어가고 있음 영국 모자를 쓰고 악기를 연주하는 사람이 악기를 연주하고 있음,다음으로 분홍색 차가 배 입구로 들어간다. 두 사람은 같은 행동을 계속 하고 있다.,빨간색 차가 들어갔다.,다음에 있던 빨간색 자동차가 선박 안으로 들어갔다.
296,298,도둑 검은 양복을 입은 사람의 보라색 자동차가 배를 향해 가고 있고 미스터빈은 이것을 보며 놀라고 있음,안내원이 힘들다는 듯이 팔로 이마를 닦는다. 그 뒤 도둑의 차가 나아간다.,미스터빈은 파란색 차가 들어가는걸 바라보며 화난 표정을 짓는다.,세번째로 있던 도둑의 파란색 자동차가 선박 안으로 들어가려 하고 있다.
298,300,도둑 검은 양복을 입은 사람의 보라색 자동차가 배에 먼저 탑승함 여전히 악기를 연주하는 사람이 악기를 연주하고 있음,도둑의 차 뒤의 파란 삼륜차와 주인공의 차는 아직 정지해 있다. 도둑의 차가 배 입구 앞으로 다가간다.,파란색 차는 배 안으로 들어가고 있다.,도둑의 파란색 자동차가 선박 안으로 들어가고 있다.
300,302,아직 미스터빈의 녹색 자동차는 영국에서 프랑스로 가는 배에 탑승하지 못함 여전히 악기를 연주하는 사람이 악기를 연주하고 있음,도둑의 차가 배 안으로 들어간다.,파란색 차가 완전히 들어갔다.,도둑의 파란색 자동차가 선박 안으로 들어갔다.
302,304,미스터빈의 녹색 자동차 앞에 있는 하늘색 자동차가 출발을 하지 않아 미스터빈이 배에 탑승하지 못하고 있음 미스터빈은 화가 난 표정으로 하늘색 자동차를 보고 있음,그 뒤 삼륜차가 들어가야 할 차례이나 차가 앞으로 가지 않고 흔들리고만 있다.,미스터빈 앞의 하늘색 차가 연기를 내뿜으며 가지 않는다.,미스터빈의 차 앞에 있던 하늘색 자동차가 선박 안으로 들어가지 않고 멈춰있다.
304,306,출발하지 못하고 있는 하늘색 자동차가 마치 고장난 듯 검은 연기를 내고 있음,주인공은 고개를 창밖으로 내밀고 크랙션을 누른다.,미스터빈은 하늘색 차를 불만스럽게 바라본다.,미스터빈이 앞에 있는 하늘색 자동차가 앞으로 가질 않자 창 밖으로 고개를 내밀어 상황을 확인하고 있다.
306,308,미스터빈은 빨리 쫒아 가고 싶은데 출발을 하지 못해서 화를 내고 있음,크랙션을 누르고 답답하다는 듯 이마에 손을 댄다.,미스터빈은 머리에 손을 대고 한탄한다.,미스터빈이 경적을 울리며 손으로 이마를 내리쳤다.
308,310,미스터빈은 하늘색 자동차를 향해 경적을 울리고 있음,그리고 고개를 흔든 뒤 다시 크랙션을 누른다.,미스터빈은 클락션을 울린다.,미스터빈이 움직이질 않는 하늘색 자동차에 경적을 다시한번 울렸다.
310,312,미스터빈은 출발하지 못해 화가 나 있음,크랙션을 누르다 체념한 듯 고개를 창 안으로 넣고 핸들을 잡는다.,클락션을 울리다가 핸들에 머리를 파묻는다.,미스터빈이 창 밖으로 내밀던 고개를 집어놓고 다시 운전대를 잡았다.
312,314,미스터빈은 출발하지 못해서 자동차의 핸들을 잡고 화를 내고 있음,계속 고개를 위아래로 흔든다.,머리로 클락션을 울린다.,미스터빈의 앞에 있던 차는 여전히 움직이질 못하고 있다.
314,316,미스터빈은 핸들을 돌려 하늘색 자동차 옆을 지나 영국에서 프랑스로 가는 배를 향하고 있음,그 뒤 차를 후진해서 삼륜차를 가로질러간다.,후진해서 하늘색 차 옆으로 지나가려고 한다.,미스터빈은 차를 뒤로 뺀 다음 하늘색 자동차를 앞지르려 하고 있다.
316,318,미스터빈의 녹색 자동차는 빠른 속도로 영국에서 프랑스로 가는 배에 탑승함 옆에서 악기를 연주하던 사람이 미스터빈의 자동차에 놀라서 바다에 빠짐,주인공의 차가 빠르게 배 안으로 들어가고 연주자는 놀라 자빠진다.,하늘색 차를 지나쳐서 배 안으로 들어가는데 악기를 연주하던 남자가 밀쳐졌다.,미스터빈의 차가 하늘색 차를 앞질러 선박안으로 들어갔다.
318,320,연주하던 사람이 바다에 빠짐 영국과 프랑스가 표시된 유럽의 지도가 나옴,그렇게 연주자는 물에 빠지고 주차 안내원은 놀란다.,남자가 바다가 빠졌다.,선박 앞을 지키고 있던 영국 국기 모양의 모자를 쓰던 노인이 놀라서 바다에 빠졌다.
320,322,영국에서 프랑스로 가는 배가 영국에서 출발하여 프랑스로 가는 중,다시 지도가 보인다. 영국과 프랑스가 각각 국기와 빅벤과 에펠탑으로 표시되어 있다.,영국과 프랑스 지도가 나온다.,영국과 프랑스의 지도가 나와있다.
322,324,영국에서 프랑스로 가는 배는 프랑스에 도착함,배가 도버 해협을 지나서 프랑스로 향해간다.,배가 영국에서 프랑스로 간다.,영국과 프랑스사이로 지도가 확대되고 있다.
324,326,배가 도착한 프랑스의 항구에는 아코디언을 연주하고 있는 사람이 있음 프랑스 국기가 휘날리고 있음,배가 프랑스에 도착하고 문이 열리고 있다. 그 앞에는 아코디언을 연주하는 연주자가 있다.,아코디언을 연주하는 남자가 항구에 서있다.,미스터빈과 도둑이 타고 있는 배가 프랑스를 향해 이동하고 있다.
326,328,배의 문이 열리고 자동차들이 나오려고 함 입구 옆에는 아코디언을 연주하고 있는 사람이 있음,배 문이 완전히 열린다. 여전히 연주하고 있다.,배 문이 열린다.,"선박이 프랑스에 도착하였고, 항구에는 음악가가 아코디언 연주를 하고 있다. "
328,330,도둑 검은 양복을 입은 사람의 보라색 자동차가 먼저 나와서 가고 그 뒤를 따라 하늘색 자동차가 나옴,도둑의 차가 먼저 빠르게 나가고 그 뒤로 그 삼륜차가 천천히 나간다.,파란색 배가 나온다.,선박의 문이 열렸다.
330,332,하늘색 자동차 뒤로 미스터빈의 녹색 자동차가 나오지만 또 하늘색 자동차가 미스터빈의 길을 막음,그러다가 중간에 멈추고 주인공의 차도 바로 뒤에 멈춘다.,하늘색 바가 덜덜대며 나오고 미스터빈의 차가 딱 붙어서 나온다.,"도둑의 차가 선박에서 나왔고, 도둑의 차를 따라서 하늘색 차가 선박에 나왔다."
332,334,미스터빈은 고민하지 않고 핸들을 돌려 또 하늘색 자동차 옆을 빠르게 지나감 미스터빈의 자동차에 놀란 아코디언을 연주하는 사람이 바다에 빠짐,주인공은 삼륜차의 오른쪽으로 앞질러가고 그때문에 연주자가 놀라서 뒤로 넘어져 바다에 빠진다.,미스터빈은 하늘색 차를 지나치고 거기에 악기를 연주하던 남자가 바다에 빠졌다.,"하늘색 차가 선박에서 거의 나올때 쯤 멈추어서, 뒤에 따라 나오는 미스터빈의 연두색 차가 멈추게 되었다."
334,336,도둑 검은 양복을 입은 사람의 보라색 자동차와 미스터빈의 녹색 자동차는 프랑스의 항구에서 프랑스 파리의 에펠탑으로 향함,아코디언이 위로 던져지고 다시 바다로 떨어진다. 지도가 나온다.,미스터빈은 파란색 차를 따라간다.,"미스터빈은 차를 살짝 뒤로 빼서 하늘색 차를 가로질러 나갔고, 이를 보고 놀란 연주자가 뒤로 넘어져 바다에 빠지게 되었다."
336,338,도둑 검은 양복을 입은 사람의 보라색 자동차는 빠르게 길을 찾아서 가지만 미스터빈의 녹색 자동차는 또 길을 헤메이며 프랑스 파리의 에펠탑을 향해 가고 있음,도둑의 차는 배에서 바로 에펠탑으로 향하고 주인공의 차는 이리저리 돌아서 에펠탑으로 향한다.,파란색 차는 에펠탑에 도착했다.,미스터빈의 연두색 차가 도둑의 파란색 차를 계속 쫓고 있다.
338,340,프랑스 파리의 에펠탑이 보임,에펠탑의 꼭대기에서 아래로 내려오면서 에펠탑의 모습을 보여준다. 비행기가 날라가는 게 보인다.,에펠탑을 꼭대기에서부터 보여준다.,에펠탑이 보인다.
340,342,에펠탑 앞에 정말 긴 자동차의 행렬이 보임 차가 막혀서 움직이지 못하고 있음 도둑의 보라색 자동차 뒤로 몇몇의 자동차가 있고 그 뒤에 미스터빈의 녹색 자동차가 있음,에펠탑 주변에 차가 막혀 있다. 도둑의 차 뒤에 두 차가 있고 그 다음 주인공의 차가 있다.,미스터빈의 차는 파란색 차 뒤에 차 2개 사이를 두고 서있다.,에펠탑의 중간부분이 보이고 하늘 위를 지나가는 하얀색 비행기가 있다.
342,344,미스터빈은 도둑 검은 양복을 입은 사람을 잡고 싶은데 차가 막혀서 화가 난 표정으로 경적을 누르고 있음,주인공이 창밖으로 고개를 내밀고 앞을 보고 있다.,미스터빈은 차창 밖으로 앞의 차들을 바라본다.,"에펠탑 근처 도로에서 차들이 막혀있는데, 도둑이 찬 남색차 뒤로 하늘색차, 연노란색차, 미스터빈의 연두색 차가 있다."
344,346,도둑 검은 양복을 입은 사람도 길이 막혀 자동차가 출발하지 못해 답답해 하고 있음,"주인공 차 앞에 분홍색 차, 하늘색 차 그리고 도둑의 차가 있다.",다시 고개를 집어넣고 화난 표정을 짓는다.,미스터빈이 창 밖으로 고개를 내밀어 앞에 있는 차들을 확인했다.
346,348,도둑 검은 양복을 입은 사람은 화가 난 답답한 표정을 짓고 있음,도둑은 차가 막히는게 화나는지 표정을 찡그리고 있다.,파란색 차를 탄 수상한 남자도 차가 막혀 화난 표정을 짓는다.,미스터빈이 창 안으로 다시 고개를 집어 넣은 다음 운전대를 잡았다. 도둑은 운전대를 잡고 운전하고 있다.
348,350,도둑 검은 양복을 입은 사람은 에펠탑 앞에 있는 두 사람을 바라보며 미소를 짓고 있음,건물 뒤 에펠탑으로 한 남녀가 걸어가고 있다. 도둑은 그것을 본다.,에펠탑 앞에 사람 두명을 보고 수상한 남자가 웃는다.,도둑이 운전중이다.
350,352,도둑 검은 양복을 입은 사람은 웃으며 자동차를 후진 기어로 바꿈,도둑은 그것을 보고 옆은 미소를 짓고 기어를 R로 맞춘다.,기어를 D에서 R로 바꾼다.,에펠탑 밑으로 한 커플이 지나가는것을 도둑이 보고 미소지었다.
352,354,도둑 검은 양복을 입은 사람은 자동차를 후진시킨 다음 좌회전을 하여 정차된 차의 행렬을 빠져나가 에펠탑을 향해 감,그리고 갑자기 후진해 인도쪽으로 차를 돌린다.,도로에서 빠져나온다.,도둑이 차 기어를 당겼다.
354,356,미스터빈은 자신의 자동차 창 밖으로 고개를 내밀어 도둑의 보라색 자동차가 정차된 차의 행렬을 빠져 나가는 장면을 확인함,도둑의 차는 건물 뒤로 사라지고 주인공은 고개를 내민 채로 그것을 바라본다.,파란색 차는 에펠탑 쪽으로 간다 미스터빈은 그걸 바라본다.,도둑이 가던 방향을 바꿔 에펠탑 밑쪽으로 좌회전 하였다.
356,358,파리의 에펠탑 앞에는 여러 사람이 있음 키스를 하는 사람 신문을 보는 사람 머리에 꽃을 꽂고 마임 공연을 하고 있는 하얀 피부의 사람,에펠탑 앞에 얼굴을 하얗게 칠하고 머리에 꽃을 꽂은 모자를 쓴 광대는 마임을 하고 있다. 그 옆에는 키스를 하는 커플과 신문을 보는 사람이 앉아있다.,에펠탑 앞에 하얗게 분장한 남자가 마임을 하고있다.,도둑이 에펠탑 밑쪽으로 가는 것을 미스터빈이 보았다.
358,360,머리에 꽃을 꽂고 마임 공연을 하고 있는 하얀 피부의 사람이 에펠탑 앞에서 키스를 하고 있는 사람들을 바라봄,광대는 마임을 계속 하고 있다.,아까 에펠탑 앞에있던 두 사람이 진한 키스를 하고있다.,"에펠탑 밑에는 테이블과 좌석이 있고, 마임하는 사람과 키스하는 커플, 신문보는 사람이 있다."
360,362,머리에 꽃을 꽂고 마임 공연을 하고 있는 하얀 피부의 사람이 에펠탑 앞에서 키스를 하고 있는 사람들을 향해 메롱 혀를 내밀고 웃긴 표정을 짓고 있음,허나 커플과 그 사람은 계속 하던 것을 계속 하고 광대는 관심을 끌지 못하자 화를 낸다.,마임을 하던 남자는 그걸 보고 화를 낸다.,"머리에 꽃을 단 사람이 마임을 하고 있고, 커플은 서로를 껴안으며 키스를 하고 있다."
362,364,머리에 꽃을 꽂고 마임 공연을 하고 있는 하얀 피부의 사람이 에펠탑 앞에서 키스를 하고 있는 사람들을 향해 메롱 혀를 내밀고 웃긴 표정을 짓고 있음 머리를 흔들고 있음 놀리고 있음,그 세 사람 앞에다가 메롱을 하면서 관심을 끌지만 그대로다. 다시 화를 낸다.,마임을 하는 남자는 두 사람을 보고 혀를 내민 표정을 한다.,마임하는 사람이 무언가를 보고 굉장히 화가 났다.
364,366,머리에 꽃을 꽂고 마임 공연을 하고 있는 하얀 피부의 사람이 에펠탑 앞에서 키스를 하고 있는 사람들을 향해 메롱 혀를 내밀고 웃긴 표정을 짓고 있음 머리를 흔들고 있음 놀리고 있음 그러던 도중 도둑 검은 양복을 입은 사람의 차가 마임을 하고 있는 하얀 피부의 사람에게 와서 하얀 피부의 사람이 깜짝 놀라서 위로 점프를 해 키스를 하고 있는 사람들 앞쪽에 있는 테이블로 올라감,광대 앞으로 도둑의 차가 지나간다. 광대는 테이블 위로 올라가서 차를 피한다.,파란색 차가 오고 마임을 하던 남자는 차를 피해 탁자 위로 올라간다.,마임하는 사람이 혀를 내밀며 장난을 치고 있다.
366,368,머리에 꽃을 꽂고 마임 공연을 하고 있는 하얀 피부의 사람이 다행이라는 표정을 지으며 팔을 올려 이마의 땀을 닦음,광대가 살았다는 듯이 팔로 이마를 닦는다.,마임을 하던 남자는 안도하며 이마를 훔친다.,마임하는 사람쪽으로 도둑의 남색차가 지나가서 놀란 마임하는 사람이 폴짝 뛰어 테이블 위로 이동하여 차에 치이지 않았다.
368,370,테이블에 올라가 있는 하얀 피부의 사람이 곧이어 미스터빈의 녹색 자동차가 자신을 향해 다가오고 있음을 봄,그리고 광대가 무엇을 발견한다. 주인공의 차가 빠르게 다가오고 있다.,마임을 하던 남자는 미스터빈도 파란색 차가 왔던 방향에서 다가오든걸 발견했다.,놀란 마임하던 사람은 땀을 훔치며 안도의 한숨을 내쉬었다.
370,372,테이블에 올라가 있는 하얀 피부의 사람이 테이블에서 점프를 함,광대는 화가 난 듯 하고 테이블 아래로 내려온다. 주인공의 차는 여전히 다가오고 있다.,마임을 하던 남자는 화난 표정으로 점프했고 미스터빈은 화난 표정으로 직진하고 있다.,마임하던 사람이 자신을 향해 다가오는 미스터빈의 차를 보고 놀라고 있다.
372,374,테이블에 올라가 있는 하얀 피부의 사람이 테이블에서 점프를 해 길에 착지함 미스터빈의 녹색 자동차의 길을 막아섬,광대가 한 손을 들고 주인공의 차를 막는다. 주인공은 그 앞에 멈춘다.,마임을 하던 남자는 미스터빈의 차 앞에서 착지하고 멈추라는 손 표시를 한다.,마임하던 사람이 펄쩍 뛰었다.
374,376,미스터빈은 빨리 하얀 피부의 사람을 지나가고 싶어서 후진과 전진을 반복함,주인공이 화를 내지만 광대는 고개를 젓는다. ,미스터빈은 화난 표정으로 후진을 한다.,마임하던 사람이 미스터빈의 차량 앞쪽으로 뛰어서 미스터빈의 차가 가는 것을 막았다.
376,378,하지만 미스터빈의 차가 향하는 방향으로 하얀 피부의 사람이 자꾸만 길을 막고 미스터빈이 지나가지 못하게 방해를 함,주인공이 후진해 광대 오른쪽으로 가로지르려 하지만 광대는 그것을 막는다. ,지나가려고 다시 앞으로 가자 마임을 하던 남자가 또 가로막았다.,미스터빈이 비키라고 하여도 마임하던 사람은 비키지 않고 자리를 지켰다.
378,380,하지만 미스터빈의 차가 향하는 방향으로 하얀 피부의 사람이 자꾸만 길을 막고 미스터빈이 지나가지 못하게 방해를 함,왼쪽으로 가로지르려 하지만 역시 막힌다.,다시 후진을 하고 지나가려고 하자 다시 가로막았다.,"미스터빈이 차를 빼서 다른 방향으로 살짝 꺽어서 마임하던 사람을 지나가려 하자, 마임하던 사람은 미스터빈의 차량쪽으로 계속 움직여서 미스터빈의 차가 이동하는 것을 막았다."
380,382,하얀 피부의 사람이 미스터빈을 향해 지나갈 수 없다는 제스쳐를 취하고 미스터빈은 답답해 하며 화를 냄,그리고 광대는 안된다는 듯이 주인공 앞에 검지를 펴서 양옆으로 젓는다. 주인공은 그걸 보고 짜증을 낸다.,마임을 하던 남자는 손짓을 하며 안된다는 제스쳐를 취했고 미스터빈은 화를 낸다.,마임하던 사람은 미스터빈의 차량쪽으로 계속 움직여서 미스터빈의 차가 이동하는 것을 막았다.
382,384,그 사이 도둑 검은 양복을 입은 사람은 프랑스 루브르 박물관에서 그림 하나를 가져서 나옴,한편 도둑은 루브르 박물관에서 다른 그림을 훔친다.,수상한 남자는 루브르 박물관에서 그림을 가지고 차로 간다.,마임하던 사람이 미스터빈을 향해 손가락을 흔들며 미스터빈을 약올렸다.
384,386,도둑 검은 양복을 입은 사람은 가져온 그림을 자신의 보라색 차 트렁크를 열어 넣으려고 함,그리고 차 트렁크를 연다.,차 트렁크를 연다.,피라미드 구조의 미술관에서 도둑이 그림을 훔쳐서 나오고 있다.
386,388,도둑 검은 양복을 입은 사람은 자신의 보라색 자동차 트렁크에서 꺼낸 회색 가방에 프랑스 루브르 박물관에서 가져온 그림을 넣음,차 트렁크에서 가방을 꺼내 그림을 가방에 넣는다.,그림을 차 트렁크에 있던 검은색 가방에 넣는다.,도둑이 훔친 그림을 들고 자신의 파란 차의 트렁크를 열었다.
388,390,도둑 검은 양복을 입은 사람은 프랑스 루브르 박물관에서 가져온 그림을 넣은 회색 가방을 자신의 보라색 자동차 트렁크에 넣고 트렁크 문을 닫음,그리고 그 가방을 트렁크에 넣고 닫는다.,검은색 가방을 트렁크에 넣고 문을 닫는다.,도둑이 차의 트렁크에서 가방을 꺼내 가방에 훔친 그림을 담았다.
390,392,자기 자동차의 트렁크 문을 닫은 도둑 검은 양복을 입은 사람은 다시 운전석에 와서 차에 시동을 걸고 출발하여 사라짐,도둑은 다시 차에 타고 그 자리를 벗어난다.,남자는 차에 타서 출발한다.,도둑이 가방을 트렁크에 집어 놓고 트렁크를 닫았다.
392,394,같은 시각 미스터빈은 아직도 하얀 피부의 사람에게 잡혀 에펠탑 앞을 벗어나지 못하고 있음 창 밖으로 머리를 내밀고 대화를 하고 있다,한편 주인공은 여전히 광대에게 막혀있다.,미스터빈은 아직 마임하던 남자와 대치하고 있다.,도둑이 운전석으로 이동하여 차를 운전하기 시작했다.
394,396,미스터빈은 가야 한다는 제스쳐를 취하고 있지만 하얀 피부의 사람은 고개를 저으며 지나갈 수 없다는 표정과 몸짓을 하고 있음,주인공이 창밖으로 고개를 내밀고 엄지를 들어 옆으로 비키라고 제스쳐를 취하지만 광대는 고개를 옆으로 흔든다.,미스터빈은 마임하던 남자에게 지나가게 해달라고 말하고있다.,미스터빈은 아직도 마임하던 사람과 실랑이를 하고 있다.
396,398,미스터빈은 가야 한다는 제스쳐를 취하고 있지만 하얀 피부의 사람은 고개를 저으며 지나갈 수 없다는 표정과 몸짓을 하고 있음,광대는 왼손을 내밀고 앞을 지나가지 못하게 하고 있다. 주인공은 고개를 다시 차 안으로 넣는다.,마임하던 남자는 단호하게 거절한다.,마임하던 사람은 계속 고개를 저으며 길을 떠나는 것을 거부하고 있다.
398,400,하얀 피부의 사람이 미스터빈의 녹색 자동차를 막고 있는 동안 파르페를 든 종업원이 하얀 피부의 사람 옆을 지나감,그리고 광대가 왼손은 그대로 두고 오른손으로 옆으로 지나가라는 사인을 준다. 파르페를 들고 한 웨이터가 지나가고 있다.,마임하던 남자는 아이스크림을 든 웨이터가 미스터빈의 차 앞으로 지나가게 한다.,마임하던 사람은 미스터빈의 차를 향해 손을 뻗으며 미스터빈의 차가 나아가는 것을 막고 있다.
400,402,미스터빈은 파르페를 든 종업원을 쳐다보고 있음,웨이터가 지나간다. 주인공은 체념했다는 듯한 표정이다.,미스터빈은 화난 표정을 짓는다.,아이스크림을 서빙하는 사람이 마임하는 사람을 지나가고 있다.
402,404,미스터빈은 좋은 생각이 났다는 표정을 짓고 있음 하얀 피부의 사람은 손목을 들어 시계를 보고 있음,광대가 왼쪽 손목에 시계가 있다는 듯이 왼팔을 들고 오른손의 검지로 왼쪽 손목을 가리킨다.,마임하던 남자는 검지손가락을 치켜든다.,아이스크림을 서빙하는 사람이 마임하는 사람을 지나가고 있다.
404,406,미스터빈은 자신의 녹색 차에서 아직 출발을 못하고 있고 하얀 피부의 사람은 손목을 들어 시계를 보고 있음,그 뒤 기다리라는 듯이 주인공 앞으로 오른팔을 펼친 뒤 뒤를 돌아본다.,마임하던 남자는 미스터빈을 따라하는 마임을 한다.,미스터빈이 마임하던 사람을 노려보고 있다.
406,408,미스터빈은 자신의 녹색 차에서 아직 출발을 못하고 있고 하얀 피부의 사람은 춤을 추고 있음,그리고 의자를 앉는 자세를 취한다.,다시 검지를 치켜세우더니 옷 안에 손을 집어넣는다.,마임하던 사람이 시간을 가르켰다.
408,410,하얀 피부의 사람은 미스터빈에게 돈을 달라는 제스쳐를 취함 뭔가를 먹는 제스쳐를 취함,그 뒤 광대는 옷 안주머니에 손을 넣는다.,옷 안에서 엄지와 검지로 원을 그린 손모양을 하고 꺼낸다.,마임하던 사람이 미스터빈 앞에서 마임을 시작했다.
410,412,미스터빈은 하얀 피부의 사람이 돈을 달라는 제스쳐를 취하자 이상한 표정을 지음,그리고 그 손을 꺼낸다. 무언가 들고 있는 듯한 손 모양이다. 주인공은 한숨을 쉰다.,양손으로 마임을 시작한다.,마임하던 사람이 자신의 안주머니 속으로 손을 집어넣었다.
412,414,하얀 피부의 사람은 돈을 달라는 제스쳐와 뭔가를 먹는 제스쳐와 함께 길을 막고 팔을 휘젓고 있음 ,광대는 바나나를 들고 있는 것 처럼 한 손으로 들고 다른 손으로 껍질을 까는 시늉을 한다.,무언가 포장을 벗기는 시늉을 한다.,마임하던 사람이 자신의 안주머니에서 무언가를 꺼내는 시늉을 하였다.
414,416,하얀 피부의 사람은 돈을 달라는 제스쳐와 뭔가를 먹는 제스쳐와 함께 길을 막고 팔을 휘젓고 있음 ,껍질을 다 깐뒤 그것을 버리는 시늉을 한다.,,마임하던 사람이 계속 마임을 하고있다.
416,418,미스터빈이 자신의 녹색 자동차에서 나옴,그리고 그 바나나를 먹는 시늉을 한다.,무언가 먹는 시늉을 한다.,마임하던 사람이 계속 마임을 하고있다.
418,420,미스터빈이 하얀 피부의 사람을 향해 총을 쏘는 듯한 제스쳐를 취함,그동안 주인공은 차 밖으로 나왔다. 마치 권총을 든 듯한 손짓을 하고 광대 앞에 서있다.,미스터빈은 차 밖으로 나와 마임을 한다.,마임하던 사람이 무언가를 먹는 시늉을 하고 있다.
420,422,미스터빈이 하얀 피부의 사람을 향해 총을 쏘는 듯한 제스쳐를 취함 미스터빈이 무릎을 꿇고 총을 발사하는 제스쳐를 취하자 하얀 피부의 사람이 깜짝 놀라는 표정을 지음,주인공은 한 다리만 무릎을 꿇어 광대를 조준하고 손짓으로 광대에게 권총을 쏜다.,미스터빈은 마임하는 남자에게 총을 쏘는 시늉을 한다.,미스터빈이 차 밖으로 나와서 마임하던 사람을 향해 총을 겨누는 시늉을 하였다.
422,424,미스터빈이 손가락 총을 쏘자 하얀 피부의 사람이 뒷걸음질을 치며 물러남,광대는 가슴에 총을 맞은 듯 두 손으로 잡고 뒤로 휘청거린다.,마임하는 남자는 총에 맞아 괴로워하는 시늉을 한다.,미스터빈이 마임하는 사람을 향해 총을 쏘는 시늉을 하였다.
424,426,하얀 피부의 사람이 정신을 못차리며 이상한 걸음으로 걷고 있음,계속 휘청거린다.,계속 괴로워한다.,마임하던 사람이 총을 맞는 척을 하고 있다.
426,428,하얀 피부의 사람이 갑자기 자신의 가슴을 배를 잡고 에펠탑 앞에서 키스를 하고 있는 사람 신문을 보고 있는 사람을 향해 달려감,휘청거리면서 아까 커플과 신문을 읽던 사람으로 다가간다.,괴로워하면서 아까 키스하던 두 사람에게 다가간다.,마임하던 사람이 총에 맞고 비틀거리는 시늉을 하고 있다.
428,430,머리에 꽃을 꽂고 있는 하얀 피부의 사람이 자신의 가슴과 배를 잡고 에펠탑 앞에서 키스를 하고 있는 사람과 신문을 보는 사람 앞에서 쓰러짐,그리고 결국 테이블 위에 쓰러진다.,테이블 위에 꽃을 들고 쓰러진다.,마임하던 사람이 총에 맞고 다른 곳으로 도망가는 시늉을 하고 있다.
430,432,하얀 피부의 사람이 테이블 위에 쓰러지면서 쓰러지는 순간에 머리에 꽂은 꽃을 손으로 잡고 팔을 뻗어 높게 듬 그 장면을 본 키스를 하는 커플과 신문을 보는 사람이 놀란 표정을 지으며 웃음,쓰러지면서 모자를 가슴 위에 올린다. 그 세 사람은 이제야 광대를 본다.,두 사람과 신문을 보던 사람이 그걸 보고 박수를 친다.,마임하던 사람이 테이블 위에 누웠다.
432,434,에펠탑 앞에서 키스를 하는 커플과 신문을 보는 사람이 하얀 피부의 사람이 쓰러진 것을 보며 박수를 치며 웃고 미스터빈은 만족스러운 표정을 지음,세 사람은 광대에게 박수를 보낸다.,미스터빈은 총 모양을 한 손에 바람을 불고 만족스러운 표정을 짓는다.,마임하던 사람이 정수리에 있던 꽃을 떼고 죽은 연기를 하였다.
434,436,미스터빈은 자신의 손가락 총이 만족스러운듯 손가락 총에 바람을 불고 자켓에 집어 넣는 제스쳐를 취함,주인공은 총 끝을 불고 안주머니에 넣는 시늉을 한다.,다시 차에 올라탄다.,마임하던 사람 뒤에 신문보던 사람과 키스를 하던 커플이 마임하는 사람을 보고 박수를 쳤다.
436,438,미스터빈은 하얀 피부의 사람이 쓰러진게 만족스러운듯 자신의 녹색 자동차에 다시 탐,그 뒤 차 안에 탄다.,앞을 보다 파란색 차가 다가오는 걸 보고 놀란 표정을 짓는다.,미스터빈은 총을 집어넣는 척을 하였다.
438,440,미스터빈이 녹색 자동차에 다시 탑승하여 출발하려고 하나 아까 본 파르페를 든 종업원을 보게 되고 그 종업원 뒤로 도둑 검은 양복을 입은 사람의 보라색 자동차가 보임,주인공이 차를 몰고 가려는 찰나 무엇을 보고 놀란다. 웨이터가 파르페를 나르고 있고 에펠탑 가까이서 도둑의 차가 빠르게 다가오고 있다.,웨이터가 차에 치할 것 같은 모습을 보고 놀란 표정을 짓는다.,미스터빈은 다시 운전대를 잡았다.
440,442,미스터빈이 도둑 검은 양복을 입은 사람의 자동차를 보고 깜짝 놀란듯 하고 뒤에서 나타난 차에 파르페를 든 종업이 하늘로 분홍색 파르페를 던져서 파르페가 하늘로 솟아 오름,도둑의 차가 빠르게 다가온다. 주인공은 놀라고 파르페가 공중에서 한 바퀴 돌고있다.,,"미스터빈이 다시 운전을 시작하려는 도중, 앞에 아이스크림을 서빙하던 남자와 도둑의 차가 다가오고 있다."
442,444,하늘로 솟아오른 파르페가 도둑 검은 양복을 입은 사람의 보라색 자동차의 앞 창문 유리에 쏟아져서 유리 위로 분홍색 파르페가 보임,도둑의 차 앞유리로 파르페가 떨어진다. 도둑의 차는 휘청거리며 주인공 차 옆을 지나친다.,웨이터가 든 아이스크림이 파란색 차의 앞 유리에 쏟아진다.,도둑의 차와 아이스크림을 서빙하던 남자가 부딪힐 뻔 하여서 놀란 남자가 들고 있던 아이스크림을 놓쳐 아이스크림이 공중에 뜨게 되었다.
444,446,보라색 자동차는 미스터빈을 피해 차를 운전하려고 하지만 보라색 자동차의 창문에 뭍은 분홍색 파르페가 도둑 검은 양복을 입은 사람의 시야를 가려서 운전을 하기 힘들어 벤치와 의자 테이블 등 주변 기물을 파손중,그리고 한바퀴 돌아서 다시 주인공쪽으로 온다. 그러는 동시에 놓여있던 테이블과 의자를 친다.,수상한 남자는 아이스크림 때문에 앞을 보지 못하고 차의 방향을 잡지 못한다.,공중에 뜬 아이스크림이 도둑의 차의 앞 유리창에 떨어졌다.
446,448,보라색 자동차는 주변에 있는 벤치 의자 테이블 등을 치며 미스터빈의 초록색 자동차 옆으로 지나감 미스터빈은 화가 나는듯 짜증이 나는듯 두 손으로 얼굴을 가림,도둑의 차는 계속 휘청거린다. 주인공은 놀란다.,미스터빈은 그걸 보고 놀란 표정을 짓는다.,시야가 가려진 도둑이 운전을 제대로 하지 못하고 테이블과 의자에 충동하였다.
448,450,미스터빈은 갑자기 환한 웃음을 지으며 자신의 녹색 자동차의 문을 열고 내리려고 함,주인공은 두 손으로 눈을 가린다. 그 뒤 주인공은 미소를 띤 채로 차 문을 연다.,두 눈을 가리다가 웃는다.,앞 유리창이 아이스크림으로 가려진 도둑의 차가 미스터빈을 지나갔다.
450,452,미스터빈은 도둑의 보라색 자동차가 에펠탑에 박은것을 에펠탑에 부딪혀 사고를 낸 것을 확인하고 차에서 내려 도둑 검은 양복을 입은 사람의 보라색 자동차에 다가감,차에서 내리고 사고가 난 도둑의 차로 걸어간다.,파란색 차가 에펠탑을 박고 서있다.,미스터빈은 도둑의 차가 지나가는 것을 지켜보았다.
452,454,미스터빈은 환하게 웃으며 도둑의 보라색 자동차의 트렁크를 열었다,주인공이 도둑의 차 트렁크를 연다.,미스터빈은 파란색 차에 다가가서 트렁크를 연다.,미스터빈이 도둑의 차가 에펠탑 밑과 박은 것을 보고 웃으며 에펠탑 밑쪽으로 이동하였다.
454,456,미스터빈은 도둑의 보라색 자동차의 트렁크를 열어 그림이 든 회색 가방을 발견하고 가져감,그 트렁크 안에서 가방을 꺼낸다.,검은색 가방을 꺼낸다.,미스터빈이 도둑의 차의 트렁크를 열었다.
456,458,도둑 검은 양복을 입은 사람은 이 상황이 화가 나는듯 이해가 되지 않는 듯 사고가 난 보라색 자동차 안에서 핸들을 치며 화를 내고 있음,주인공은 가방을 가지고 가고 도둑은 사고가 났음에 화낸다. 차 보닛에서는 연기가 나고 있다.,미스터빈은 가방을 가지고 가고 수상한 남자는 정신을 차렸다.,미스터빈이 도둑의 차의 트렁크에서 가방을 꺼냈다.
458,460,도둑 검은 양복을 입은 사람은 이 상황이 화가 나는듯 이해가 되지 않는 듯 사고가 난 보라색 자동차 안에서 핸들을 치며 화를 내고 있음 미스터빈은 자신의 녹색 자동차에 그림을 싣고 있음,주인공은 그 가방을 자신의 차 안으로 가져온다.,수상한 남자는 머리를 만지다가 화난 표정을 짓는다.,미스터빈이 도둑의 차의 트렁크에서 꺼낸 가방을 갖고 이동하였다.
460,462,도둑의 자동차에서 가져온 그림 가방을 자신의 녹색 자동차에 실은 미스터빈은 자동차를 후진시켜 빠져나가려고 함,주인공이 차 문을 닫고 핸들을 잡아 출발하려고 한다.,미스터빈은 가방을 가지고 차에 탄다.,도둑은 정신을 차리기 시작했고 미스터빈은 가방을 갖고 운전석으로 이동하였다.
462,464,미스터빈이 자동차를 타고 에펠탑 근처를 빠져나가는 것을 본 머리에 꽃을 꽂고 있는 흰 피부의 사람과 분홍색 파르페를 서빙하던 종업원이 그 뒤를 바라봄,후진해서 그 자리를 떠난다. 그 뒤에서 광대와 웨이터가 나타나 그 모습을 보고 있다.,미스터빈은 떠나고 그걸 마임하던 남자와 웨이터가 지켜본다.,미스터빈은 자신의 차의 문을 닫고 운전할 준비를 하였다.
464,466,흰 피부의 사람과 분홍색 파르페를 서빙하던 종업원이 머리를 긁적이며 미스터빈의 녹색 자동차가 사라지는 것을 바라보다 무언가 알아챈듯 발견한듯 뒤를 돌아봄,둘 다 차가 떠나는 것을 보면서 머리를 긁적이다가 갑자기 뒤를 돌아본다.,두 사람은 머리를 긁적이다 놀란듯 뒤돌아본다.,미스터빈이 후진을 하여 도로쪽으로 나가기 시작했고 마임하던 사람과 서빙하던 사람이 가는 미스터빈을 바라보았다.
466,468,사라진 미스터빈의 녹색 자동차를 도둑 검은 양복을 입은 사람의 보라색 자동차가 쫒아감,깜짝 놀라 옆으로 피하고 도둑의 차가 빠르게 주인공 차가 떠난 뒤를 따라간다.,두 사람을 지나쳐 파란색 차가 지나간다.,마임하던 사람과 서빙하던 사람이 뒤를 돌아보았다.
468,470,다시 돌아온 영국의 미술관 미술관 앞으로 검은색 자동차와 빨간색 버스가 보임 영국 국기가 펄럭이고 있음,다시 영국 국기가 펄럭이는 미술관이 보인다.,영국 국기가 펄럭이는 미술관이 보인다.,도둑의 차가 마임하던 사람과 서빙하던 사람을 가르고 지나갔다.
470,472,돌아온 영국의 미술관 앞에 미스터빈의 녹색 자동차가 도착해 주차를 함,"앞으로 검은색, 주황색 승용차와 빨간 이층버스가 지나나고 주인공의 차가 미술관 앞에 선다.",미스터빈의 차가 미술관 앞에 섰다.,다시 영국의 미술관이 보인다.
472,474,미스터빈은 영국의 미술관 앞에 자신의 녹색 자동차를 주차하고 조수석에 있는 도둑의 자동차 트렁크에서 가져온 회색 그림 가방을 꺼내려고 함,주인공이 자 문을 연다.,미스터빈은 미술관을 보고 차에서 내리려고 한다.,"박물관 앞으로 검은 자동차와 빨간 버스, 미스터빈의 연두색 자동차가 지나간다."
474,476,미스터빈은 조수석에서 가져온 회색 그림 가방을 꺼내고 자동차 문을 발로 차서 닫음 뒤이어 도둑 검은 양복을 입은 사람의 보라색 자동차가 영국의 미술관에 도착함,"그리고 그림이 든 가방을 가지고 내리고, 서둘러 앞으로 간다.",미스터빈은 차에서 가방을 갖고 내리고 파란색 차가 뒤따라온다.,미스터빈이 미술관 앞에 주차하고 내릴 준비를 한다.
476,478,도둑 검은 양복을 입은 사람의 보라색 자동차가 미스터빈의 초록색 자동차를 지나 영국의 미술관 앞에 주차를 함 자동차는 에펠탑에서 난 사고 때문에 유리창이 깨지고 앞이 부숴져 있음,주인공이 사라지고 바로 뒤에 주인공의 차가 다가온다.,파란색 차는 미스터빈의 차 앞에 세우려고 한다.,미스터빈이 가방을 꺼내 차에서 내리고 박물관으로 이동한다.
478,480,도둑이 자신의 보라색 자동차를 주차하는 동안 미스터빈은 회색 그림가방을 들고 영국의 미술관에 들어감 경비원을 지나 그림을 들고 미술관 내의 어딘가로 가는 중,도둑이 주인공 차 앞에 주차를 한다. 주인공은 또 커피잔을 들고 졸고 있는 경비원 앞으로 가방을 들고 지나간다.,파란색 차는 미스터빈의 차 앞에 세우고 미스터빈은 졸고있는 경찰관 앞을 지나 미술관에 들어간다.,미스터빈을 따라 도둑의 차가 미스터빈 차 앞에 주차를 하고있다.
480,482,미스터빈은 미술관을 지나다 누드 조각상을 발견하고 부끄러워서 민망해서 회색 그림 가방을 들어 누드 조각상을 가림,주인공이 지나가다가 여자 나체 조각상 앞에서 황급히 시야를 돌린다.,미술관에 들어가다 여자 조각상을 보고 놀란다.,도둑의 차가 주차를 하였고 미스터빈은 미술관 안에 들어간다.
482,484,미스터빈은 여자 누드 조각상과 공을 밟고 있는 누드 조각상 사이에서 부끄러워 하며 회색 그림 가방을 들고 있음 그러다 벽에서 무언가를 발견한 듯 미소를 지음,가방으로 조각상을 가리고 왼쪽으로 향한다. 왼쪽에는 남자 나체 조각상이 있어서 이번엔 가방으로 왼쪽을 가린다.,가방으로 시야를 가린다.,미스터빈이 여자 나체 조형물 밑으로 이동하여 잠시 몸을 웅크렸다.
484,486,미스터빈은 그림이 있지 않은 빈 벽을 발견함 빈 그림 앞에는 레이저 경보 장치가 설치되어 있음,조각상을 지나치자 해바라기 그림이 사라진 벽면이 보인다.,그림이 비어있는 곳을 보고 기쁜 표정을 짓는다.,미스터빈이 나체 조형물들 사이에서 움찔하고 있다.
486,488,미스터빈은 회색 그림 가방을 들고 레이저 경보 장치 앞으로 가 그림 가방을 흔들고 있음,주인공은 그 벽면으로 가방을 가져간다.,두손으로 가방을 들고 다가간다.,미스터빈이 노란 꽃 배경 그림이 있던 자리를 확인하였다.
488,490,미스터빈은 회색 그림 가방에서 그림을 꺼내 그림이 걸려있지 않은 빈 벽에 그림을 걸어 두려고 함,그리고 가방에서 그림을 꺼내 경보장치를 주의하며 벽에 걸려고 한다.,미스터빈은 가방에서 그림을 꺼낸다.,미스터빈이 가방을 가지고 노란 꽃 배경 그림이 있던 자리로 이동하였다.
490,492,미스터빈은 팔을 뻗어 그림을 빈 벽에 걸려고 하고 있지만 레이저 경보 장치가 앞에 있어서 그림을 걸기가 쉽지 않음,경보장치를 피하기 위해 허리를 앞으로 숙이고 점점 벽에 다가간다.,미스터빈은 센서를 조심하며 그림을 걸려고 한다.,미스터빈이 가방에서 노란 꽃 배경 그림을 꺼내 미술관 원래 자리에 걸어두고 있다.
492,494,하지만 미스터 빈은 결국 빈 벽에 자기가 가져온 그림을 걸고 흡족해 하고 있다,그림을 걸고 주인공은 해냈다는 듯 두 주먹을 불끈 쥔다.,센서에 닿지 않고 그림을 걸어 기뻐한다.,미스터빈이 보안용 레이저에 닿지 않게 조심하며 노란 꽃 배경 그림을 원래 자리에 두고 있다.
494,496,뒤이어 지도 선생님과 미술관을 견학 온 어린 학생들이 미술관의 로비를 걷고 있음,뒤를 돌아보자 또 그 여자 아이들과 선생님이 박물관 안으로 들어오고 있다.,선생님과 학생들이 안으로 들어온다.,미스터빈이 노란 꽃 배경 그림을 원래 자리에 두고 뿌듯해 하고 있다.
496,498,미스터빈이 가져온 그림은 조개 위에 있는 비너스 아프로디테 그림이다 미스터빈은 견학 온 어린 학생들을 보며 미소를 짓고 있음,주인공은 그것을 보고 두 손을 비빈다. ,미스터빈은 기쁜 표정을 하며 손을 비빈다.,여학생들이 미술관으로 들어와 견학을 하고 있다.
498,500,미스터빈은 견학온 학교 학생들을 향해 웃으며 자신이 가져온 비너스 아프로디테 그림을 보라며 손짓하고 있음,주인공이 아이들에게 손짓하며 인사를 보내고 되찾아온 그림을 두 손으로 가리킨다.,손을 들어 인사를 하고 그림을 소개하려는 제스쳐를 취한다.,미스터빈이 손을 비비며 견학온 여학생들을 보고 있다.
500,502,하지만 미스터빈은 자신이 가져온 비너스 아프로디테 그림이 꽃과 해바라기가 그려진 노란색 그림이 아닌 것을 확인하고 놀란 표정을 지음,그러나 다시 그림을 확인하자 해바라기 그림이 아니라 비너스의 그림이었다. 주인공은 이것을 보고 놀란다.,그림의 이상한 점을 발견하고 놀란다.,미스터빈이 견학온 여학생들에게 비너스 그림을 소개하고 있다.
502,504,비너스 아프로디테의 그림이 강조됨 그림은 가슴이 적나라하게 노출되어 있다,그림은 나체이다.,아프로디테의 그림이 걸려있다.,미스터 빈이 노란 배경 꽃 그림이 아닌 비너스 그림이 걸린 것을 확인하고 놀라고 있다.
504,506,미스터빈은 놀란 표정으로 비너스 아프로디테 그림과 견학온 학생들을 번갈아 보고 있음,주인공은 그림과 뒤를 돌아 아이들을 번갈아 본다.,미스터빈은 놀라 자꾸 뒤를 본다.,비너스 그림에 가슴이 노출되있는 것을 보고 미스터빈이 놀라고 있다.
506,508,미스터빈은 팔을 뻗어 비너스 아프로디테 그림을 가리려고 만지려고 하는데 레이져 경보 장치를 건드려서 커피를 담은 머그 잔을 들고 졸고 있던 경비원이 졸다 깸 머그잔은 바닥에 떨어져 깨짐,그리고 놀라서 재빨리 그림을 손으로 가린다. 이때 경보장치를 건드리고 또 졸고 있던 경비원이 놀라 깨며 커피잔을 깨뜨린다.,그림을 다시 떼려다 센서를 건드리고 경찰관은 놀라서 잔을 깨트린다.,미스터빈이 견학온 여학생들이 비너스 그림을 볼까봐 걱정하고 있다.
508,510,견학온 학교의 어린 학생들은 미스터빈이 팔을 뻗어 가리고 있는 비너스 아프로디테 그림이 보고 싶은지 그림 앞에 모여서 손짓을 하며 웅성웅성 대고 있음,경비원은 주인공 쪽으로 고개를 돌린다. 주인공은 아이들에게 둘러싸인 채로 여전히 그림을 가리고 있다. ,학생들은 그림을 보려고 모여들고 미스터빈은 못 보게 막는다.,미스터빈이 비너스 그림을 손으로 가리려다가 보안용 레이저에 닿았다. 자고있었다가 놀란 경비아저씨가 갑자기 일어나 무릎 위에 있던 컵이 깨졌다.
510,512,미스터빈은 견학 온 어린 학생들에게 비너스 아프로디테 그림을 보여 주고 싶지 않아서 손을 뻗어 머그 컵을 깬 경비원이 있는 방향을 가리키고 학생들은 경비원을 향해 다가감,아이들은 그림을 보면서 손가락질하고 있고 주인공은 아이들에게 저리 가라고 손가락질한다.,학생들보고 저리 가라고 손짓한다.,"견학온 여학생들이 몰려와 비너스 그림을 보려하고 있고, 미스터빈은 필사적으로 그림을 가리고 있다."
512,514,지도 선생님은 시끌벅적한 견학온 어린 학생들을 인솔하여 다같이 경비원 옆을 지나 미술관의 입구로 향함,아이들은 신난 듯 방방 뛰며 미술관을 나간다. 선생님이 그 뒤를 따라가고 경비원은 그들을 지켜본다.,선생님이 인솔하여 학생들은 신난 모습으로 나간다.,미스터빈이 견학온 여학생들에게 다른 곳으로 가라고 손짓하고 있다.
514,516,컵을 깨뜨린 경비원은 견학온 어린 학생들을 지나쳐 미스터빈 쪽을 향함 영국의 미술관 앞에는 도둑 검은 양복을 입은 사람의 보라색 자동차와 미스터빈의 녹색 자동차가 주차되어 있음,선생님이 한숨쉬며 나가고 경비원은 미술관 안쪽으로 향한다.,경찰관은 미술관 안쪽으로 걸어간다.,견학온 여학생들과 인솔하는 선생님이 미술관 밖으로 이동하고 있다.
516,518,영국의 미술관 앞에 주차된 도둑의 보라색 자동차와 미스터빈의 녹색 자동차 옆을 지나 하얀 경찰차가 도착해 미술관 앞에 주차함,그 뒤 주인공과 도둑의 차 옆으로 경찰차가 선다.,미술관 앞에 경찰 트럭이 멈춘다.,경비아저씨가 미스터빈 쪽으로 이동하고 있다.
518,520,영국의 미술관 앞에 주차된 하얀색 경찰차 옆으로 견학온 어린 학생들과 지도 선생님이 지나감 하얀 경찰차 안에는 제복을 입고 있는 키가 작은 경찰과 키가 큰 경찰 두명이 타고 있음,멈춘 경찰차 옆으로 아이들과 선생님이 지나간다.,아이들이 선생님과 함께 경찰트럭 옆을 지나간다.,미술관 밖에서 하얀 경찰차가 도둑의 차 앞에 주차하였다.
520,522,키가 작은 경찰과 키가 큰 경찰 둘은 주차된 하얀 경찰차에서 내려 미술관을 향함 비너스 아프로디테 그림 앞에 미스터빈과 미술관 경비원이 서 있음,경찰차 안에서 두 경찰이 내린다. 아이들 중 한명이 그것을 본다.,경찰관 2명이 트럭에서 내린다.,하얀색 경찰차에는 남자 경찰 두명이 타고 있었고 그 옆을 견학온 여학생들과 선생님이 지나가고있다.
522,524,미스터빈은 비너스 아프로디테 그림 앞에서 경비원을 향해 무언가를 설명하고 기둥 뒤에서 도둑 검은 양복을 입은 사람이 이를 지켜보고 있음,비너스의 그림 앞에서 주인공이 경비원에게 무엇인가 이야기를 하고 있고 도둑이 멀리서 몰래 그것을 바라본다.,미스터빈이 아까 들어온 경찰에게 설명하고 있는데 수상한 남자가 들어온다.,하얀색 경찰차에서 경찰 두명이 내려 박물관을 향해 가고있다.
524,526,도둑 검은 양복을 입은 사람이 미스터빈이 경비원을 향해 무언가를 설명하고 있는 장면을 보다 갑자기 놀란듯 뒤를 돌아봄,도둑이 뒤를 돌아보고 놀란다.,수상한 남자가 무언가 보고 놀란다.,"미스터빈과 경비아저씨가 비너스 그림 앞에서 대화를 하고 있고, 도둑이 벽 뒤에 숨어서 이를 지켜보고 있다."
526,528,도둑 검은 양복을 입은 사람을 지나 키가 작은 경찰이 미술관 로비를 달려 미스터빈과 경비원을 향해 다가감,도둑은 재빨리 자리를 뜨고 경찰관이 주인공 앞으로 달려온다.,아까 트럭에서 내린 경찰이 미스터빈에게 뛰어 들어온다.,"미스터빈과 경비아저씨가 비너스 그림 앞에서 대화를 하고 있고, 도둑이 벽 뒤에 숨어서 이를 지켜보고 있다가 뒤돌아 보고 놀란 표정을 짓고 있다."
528,530,곧이어 키가 큰 경찰이 도착해 비너스 아프로디테 그림 앞에 서 있는 미스터빈과 경비원과 키가 작은 경찰을 향해다가가고 그 뒤를 이어 견학온 학생들이 걷고 있음,또다른 경찰관이 바로 뒤를 따라 달려온다.,뒤이어 키 큰 경찰도 뛰어 들어온다.,"도둑이 다가오는 경찰을 피해 도망쳤고, 경찰은 미스터빈쪽으로 빠르게 뛰어가고있다."
530,532,비너스 아프로디테 그림 앞에는 키가 큰 경찰 키가 작은 경찰 미스터빈과 경비원이 서 있고 멀리서 견학온 어린 학생들이 보고 있음 도둑 검은 양복을 입은 사람은 무언가가 생각난듯 음흉한 미소 웃음을 지으며 바라보고 있음,아이들이 그 뒤를 천천히 걸어오고 있고 도둑은 멀리서 그것을 지켜보고 있다.,아이들이 들어오는 걸 보고 수상한 남자는턱을 쓰다듬는다.,하얀 경찰차에 타고있던 다른 경찰도 마저 도착하여 미스터빈과 이야기를 하고 있다.
532,534,견학온 어린 학생중 한 명이 도둑 검은 양복을 입은 사람을 바라보고 미스터빈은 키가 작은 경찰 키가 큰 경찰 경비원을 향해 자켓 주머니에서 출력된 사진을 꺼내 보여줌,무엇인가 생각한다는 듯이 도둑은 턱을 만지고 있고 한 아이가 그것을 보고 있다.,경찰들의 추궁에 미스터빈은 옷 안에서 무언가 꺼내려한다.,"견학온 여학생들이 다시 미술관에 돌아왔고, 도둑은 이 상황을 지켜보며 만족하는 표정을 짓고 있다."
534,536,미스터빈이 자켓 주머니에서 꺼낸 사진엔 영국의 미술관이 찍혀 있음 ,주인공은 경비원과 경찰관들에게 사진을 꺼내 보여준다. 미술관 사진이다.,미술관이 찍힌 사진을 꺼냈다.,미스터빈이 경비아저씨와 경찰 두명 앞에서 찍었던 사진을 꺼내고 있다.
536,538,미스터빈이 보여준 영국의 미술관이 찍힌 사진을 보며 키가 작은 경찰과 경비원은 웃고 있음,그것을 보고 경찰관이 웃는다.,경찰은 그 사진을 보고 웃는다.,미스터빈이 보여준 사진은 미술관 외관 사진이다.
538,540,미스터빈은 사진을 잘 못 보여준듯 고개를 젓고 다시 사진을 자켓의 주머니에 넣음,주인공이 사진을 보고 아니라는 듯 고개를 흔든다.,미스터빈은 그 사진을 보고 고개를 가로젓는다.,경비아저씨와 경찰이 미스터빈이 보여준 사진을 보고 웃고있다.
540,542,미스터빈은 자켓의 주머니에서 다른 사진을 꺼내 보여줌 사진에는 도둑 검은 양복을 입은 사람이 꽃과 해바라기가 그려진 노란색 그림을 가져 가려고 하는 장면이 찍혀 있음,사진을 넣고 다른 사진을 꺼낸다. 도둑이 해바라기 그림을 가져가려던 것을 찍은 사진이다.,이번엔 수상한 남자가 그림을 잡고있던 사진을 꺼낸다.,미스터빈이 사진을 확인하고는 놀라 고개를 저었다.
542,544,도둑 검은 양복을 입은 사람이 꽃과 해바라기가 그려진 노란색 그림을 가져 가려고 하는 사진이 집중되고 키가 작은 경찰과 경비원이 사진을 보며 놀람,주인공은 사진의 도둑을 가리킨다.,미스터빈이 남자를 손으로 가르킨다.,"미스터빈이 미술관 외관 사진을 다시 자기 품 속에 집어넣고, 도둑이 노란색 배경 꽃 사진을 훔치고 있는게 찍힌 사진을 경찰들과 경비아저씨에게 보여주었다."
544,546,미스터빈은 사진을 들고 있고 미스터빈 경찰 둘 경비원 뒤로 견학온 어린 학생들이 있다,경찰관은 그것을 보고 놀란다. 아이들이 몰래 그들 뒤로 다가오고 있다.,경찰은 그걸 보고 놀란다.,미스터빈이 사진 속의 도둑을 가르키고 있다.
546,548,경비원이 미술관의 어딘가로 가고 있음,경비원이 사진을 보고 앞으로 나간다.,아이들이 따라와서 구경한다.,경찰이 사진을 지켜보았다. 견학온 여학생들이 경찰쪽으로 다가왔다.
548,550,미스터빈 키가 작은 경찰 키가 큰 경찰 경비원은 보안 실 프라이빗 룸으로 향함,셋에게 따라오라고 손짓한다. 보안실 앞으로 향한다.,미술관에 있던 경찰이 보안실로 따라오라고 한다.,경찰이 사진을 지켜보았다. 견학온 여학생들이 경찰쪽으로 다가왔다.
550,552,보안 실 프라이빗 룸에는 노란색 그림이 거품에 쌓여 있고 안경을 쓴 사람이 솔 스펀지를 들고 와 그림에 쌓인 거품을 닦으려고 함,문을 열자 비누거품이 묻혀져 있는 그림이 캔버스 위에 올려져 있다.,그림이 거품에 휩싸인채로 놓여있다.,"경비아저씨가 경찰들과 미스터빈, 견학온 여학생들을 향해 자신을 따라오라고 손짓하였다."
552,554,안경을 쓴 사람이 솔 스펀지를 그림에 쌓인 거품에 문질러 거품을 닦아내고 있다,아까 앞치마를 입고 있던 남자가 그림에 솔질을 하고 있다.,갈색머리의 남자가 그림에 솔질을 한다.,경비아저씨가 도착한 곳에는 하얀색 거품으로 뒤덮인 노란색 배경의 꽃 그림이 있었다.
554,556,안경을 쓴 사람이 솔 스펀지를 그림에 쌓인 거품에 문질러 거품을 닦아내고 있다 거품이 사라지고 있음,솔질을 하고 그 남자가 물양동이를 든다.,계속 문지른다.,노란 머리 남자가 하얀색 거품으로 뒤덮인 노란색 배경의 꽃 그림을 닦아내고 있다.
556,558,안경을 쓴 사람이 바가지 바스켓에 물을 담아 비누 거품에 쌓인 그림에 물을 뿌림,그리고 그림에 물을 뿌린다.,갈색머리의 남자가 거품이 묻은 그림에 양동이로 물을 뿌렸다.,노란 머리 남자가 하얀색 거품으로 뒤덮인 노란색 배경의 꽃 그림을 닦아내고 있다.
558,560,그림에 물을 뿌리자 거품이 걷히고 꽃과 해바라기가 그려진 노란색 그림이 나타남,남자가 그림을 보라고 손짓하고 거품이 걷히자 해바라기 그림이 나타난다.,갈색머리의 남자가 그림을 보라는 제스쳐를 한다.,"노란 머리 남자가 하얀색 거품으로 뒤덮인 노란색 배경의 꽃 그림에 물을 뿌려 거품을 닦아냈다. 이를 두명의 경찰과 미스터빈, 경비아저씨가 지켜보았다."
560,562,거품이 사라지고 꽃과 해바가기가 그려진 노란색 그림이 나타나자 미스터빈이 뭔가가 생각난듯 기쁜듯 웃고 팔을 뻗는 제스쳐를 취함,주인공은 그것을 보고 한 손을 뺨에 갖다댄다.,아까 봤던 그림이 남아있는걸 보고 미스터빈이 웃는다.,노란색 배경의 꽃 그림이 말끔히 닦였다.
562,564,미스터빈이 키가 작은 경찰 키가 큰 경찰 경비원을 향해 뭔가를 이야기하고 있다,그리고 그 손을 턴다. 나머지 셋은 주인공을 바라본다.,미스터빈이 그것 보라는 표정을 짓는다.,"미스터빈과 경찰들, 경비아저씨가 노란색 배경의 꽃 그림을 지켜보았다."
564,566,미스터빈이 키가 작은 경찰 키가 큰 경찰 경비원을 향해 뭔가를 이야기하다 생각이 떠오른듯 뭔가를 눈치 챈 듯 두 눈을 크게 뜨고 놀람,갑자기 네 사람이 놀란다.,그러다 모두 깜짝 놀란다.,미스터빈이 경찰들과 경비아저씨에게 말을 하고 있다.
566,568,미스터빈이 뒤를 돌아 비너스 아프로디테 그림이 그려진 곳을 보자 도둑 검은 양복을 입은 사람이 비너스 아프로디테 그림을 가져가고 있음,뒤를 돌아보자 도둑이 비너스 그림을 벽에서 떼어내고 있다. 아이들은 그것을 도둑 옆에서 바라보고 있다.,뒤돌아 봤더니 수상한 남자가 벽에 걸린 그림을 챙기고 있다.,미스터빈이 경찰들과 경비아저씨에게 말을 하고 있다.
568,570,도둑 검은 양복을 입은 사람이 비너스 아프로디테 그림을 들고 미술관 안을 달리고 있음 그 뒤를 미스터빈과 경찰 경비원이 쫒아감,그리고 그림을 들고 재빨리 달아난다. 네 사람이 그림 쪽으로 달려온다.,수상한 남자가 도망치고 미스터빈과 경찰들은 뒤따라간다.,도둑이 전시된 비너스 그림을 떼고 있다. 옆에서 견학온 여학생들이 지켜보고 있다.
570,572,도둑 검은 양복을 입은 사람이 비너스 아프로디테 그림을 들고 공을 밟고 있는 누드 조각상 옆을 달리고 있음 ,나머지 셋은 거기에 멈추고 주인공은 도둑 쪽으로 달려간다.,미스터빈은 조각상 옆을 지나고 있는 수상한 남자를 쫒는다.,"도둑이 비너스 그림을 훔쳐 박물관 밖으로 도망가고 있다. 이를 본 학생들과 경찰, 미스터빈 모두 놀라고 있다."
572,574,미스터빈이 뒤이어 공을 밟고 있는 누드 조각상에 도착해 조각상을 바라보고 있음,도둑이 남자 나체 조각상을 지나쳐 달려간다. 주인공은 조각상 앞에 뭠춰서 조각상이 밟고 있는 공을 바라본다.,미스터빈은 조각상을 지나가다가 멈춘다.,미스터빈이 도둑을 쫓아 갈 준비를 하 고 있고 도둑은 나체 모형들 사이를 지나가고 있다.
574,576,미스터빈이 미술관 바닥에 누워 누드 조각상이 밟고 있는 공을 발로 차서 공을 굴림,주인공이 드러누워서 그 공을 빼내려고 한 발로 민다.,미스터빈은 조각상이 밟고있는 구를 누워서 발로 민다.,미스터빈이 남자 나체 모형 밑에서 잠시 멈추었다.
576,578,누드 조각상이 밟고 있던 공이 미술관 바닥을 굴러감,그 공이 빠져서 앞으로 굴러간다.,구가 밀려서 굴러간다.,미스터빈이 남자 나체 모형 발 밑에 있던 원판을 밀어냈다.
578,580,미스터빈은 미술관 바닥에 누워 있고 누드 조각상을 지탱하던 공이 사라지자 누드 조각상이 흔들림,그리고 주인공이 놀란 듯 눈을 감고 찡그린다. 다시 앞을 본다. 도둑이 그 공에 충돌한 듯 하다.,미스터빈은 발이 아픈 듯 잡다가 구가 수상한 남자를 맞춘 모습을 보고 웃는다.,미스터빈이 밀어낸 원판이 굴러가는 것을 지켜보고 있다.
580,582,미스터빈은 누드 조각상이 쓰러지지 않게 누드 조각상의 발을 잡아 지탱하고 있음,앞을 보며 해냈다는 미소를 보인다. 그 조각상은 균형을 잃고 흔들리고 주인공은 그 조각상이 흔들리자 조각상의 발을 잡는다.,조각상이 구가 없어 흔들리는 것을 막기 위해 조각상의 발을 잡는다.,발 밑에 원판이 빠진 남자 나체 모형이 균형을 잃고 쓰러지려 하자 미스터빈이 발을 잡아 모형을 세워두고 있다.
582,584,미스터빈은 누드 조각상이 쓰러지지 않게 누드 조각상의 발을 잡아 지탱하고 있음 미스터빈은 뭔가를 발견한듯 웃고 있음,조각상이 앞으로 기울어졌지만 주인공은 조각상을 잘 붙잡고 있다.,조각상이 기우는 모습을 보고 웃는다.,미스터빈이 남자 나체 모형의 발을 잡아 고정시키고 있다.
584,586,누드 조각상의 성기를 가리고 있던 나뭇잎 나무 잎 모양의 가리개가 미스터빈 앞에 떨어짐,조각상에서 나뭇잎 조각이 떨어진다.,잡고있는 도중 조각상의 고간을 가리고 있던 나뭇잎이 떨어졌다.,남자 나체 모형의 성기 자리에 있던 나뭇잎 모형이 떨어졌다.
586,588,미스터빈이 누드 조각상을 올려다 보고 깜짝 놀람,주인공이 위를 보고 조각상을 확인하고 놀란다.,미스터빈은 조각상을 밑에서 위로 올려다본다.,미스터빈이 남자 나체 모형의 성기 위치를 보고 놀라고 있다.
588,590,미스터빈이 누드 조각상을 보고 놀라 크게 소리를 지르고 영국의 미술관에 새가 날아감 미술관 앞에는 하얀색 경찰차와 도둑의 보라색 자동차 미스터빈의 초록색 자동차가 주차되어 있음,못볼 것을 본 듯 한 손을 이마에 대고 고개를 젓는다. 미술관 앞에서 비둘기가 날아가고 있다.,조각상을 보고 고개를 젓는다.,미스터빈이 소리를 지르고 있다.
590,592,도둑 검은 양복을 입은 사람은 경찰에 잡혀서 경찰차에 타 있음,도둑이 경찰차 안에 갖혀 창살을 붙잡고 있다.,수상한 남자가 경찰 트럭안에 갇혀 쇠창살을 붙잡고있다.,도둑이 경찰차 안에 체포되어 있다.
592,594,도둑을 잡은 경찰차는 출발해 미술관을 벗어남 미술관 앞에 주차된 도둑의 보라색 자동차 트렁크에선 여러 그림이 발견되고 안경을 쓴 사람과 경비원은 그림을 보고 있음,경찰차는 그 자리를 뜬다.,경찰 트럭이 출발한다.,도둑을 태운 경찰차가 이동하고 있다.
594,596,미스터빈은 기쁜듯 웃고 있고 안경을 쓴 사람이 미스터빈에게 악수를 청함,도둑의 차 트렁크에서 여러 그림이 나왔다. 앞치마를 입은 남자와 경찰관 중 한 분이 그림을 들고 있다. 앞치마를 입은 남자가 주인공과 악수한다.,미스터빈은 갈색머리 남자와 악수를 한다.,미술관 밖 도로에서 노란 머리 남자가 미스터빈에게 감사 인사를 하고 있다.
596,598,미스터빈은 기쁜듯 웃고 있고 안경을 쓴 사람과 미스터빈은 악수를 함,계속 악수한다.,갈색머리 남자는 악수를 하며 미스터빈에게 말을 한다.,미술관 밖 도로에서 노란 머리 남자가 미스터빈에게 감사 인사를 하고 있다.
598,600,미스터빈은 뭔가를 해낸듯 웃으며 팔을 뻗고 바람을 부는 제스쳐를 취함,주인공이 손을 불고 손을 확인한다. 그리고 그 남자를 찡그린 채로 바라본다.,미스터빈은 오른손을 보다 후 불어보고 불만스러운 표정을 짓는다.,미스터빈이 노란 머리 남자와 악수했던 손을 확인하고 있다.
